Username,Full_Name,Location,Public_Repos_Count,Followers_Count,Total_Stars,Total_Forks,Has_Portfolio_Site,GitHub_Pages_Count
TheAlgorithms,The Algorithms,India,44,62217,453928,103346,1,6
brahmGAN,GPU.net,India,18,27341,3196,160,0,0
shradha-khapra,Shradha Khapra,"New Delhi,India",24,11821,2080,1265,1,0
noob-hackers,N17R0,india,19,11153,20623,2361,1,0
vivekweb2013,vivekweb2013,"Pune, India",25,6107,232,52,0,1
kovidgoyal,Kovid Goyal,"Mumbai, India",45,5521,59956,4281,1,1
Anuj-Kumar-Sharma,Anuj Kumar Sharma,"New Delhi, India",48,5152,2388,3748,1,3
akshaymarch7,Akshay Saini,India,12,4548,1547,645,1,2
Hack-with-Github,Hack with GitHub,"Bangalore, India",11,4332,121877,12530,1,1
Z4nzu,Hardik Zinzu,India,25,4146,76740,8729,1,0
liyasthomas,Liyas Thomas,"Kerala, India",37,3569,1989,365,1,17
adi1090x,Aditya Shakya,India,19,3456,27619,2053,1,2
techchipnet,TechChip,India,16,3261,6426,1743,1,0
vimal0156,VIMAL DHAMA,india,14,3261,139,12,1,1
AdiChat,Aditya Chatterjee,❤️ India ✈ Japan,26,3221,531,85,1,0
rajkumardusad,Rajkumar Dusad,India,6,3119,3607,664,1,2
jayDevCodes,Jay Dev,jaipur Rajasthan India,16,3046,147,11,0,0
tanaypratap,Tanay Pratap,"Bangalore, India",42,3043,374,670,1,1
coding-parrot,Gaurav Sen,"Mumbai, India",13,3027,1935,660,1,0
MAZHARMIK,MAZHAR,"Gurgaon, India",29,2758,4568,2051,1,0
GSSoC24,GSSoC24,India,5,2632,640,3523,1,1
learning-zone,Pradeep Kumar,India,46,2630,20815,9176,0,23
AnubhavChaturvedi-GitHub,Anubhav Chaturvedi,Banglore India,14,2441,382,44,1,0
haris989,Haris Ali Khan,"Kharagpur, India",30,2311,1071,648,0,0
ravi8x,Ravi Tamada,India,39,2272,1688,1063,1,0
ayushi7rawat,Ayushi Rawat,"Pune, India",23,2237,1666,608,1,0
akash-tk,Akash T K,"Kochi, Kerala, India",19,2219,118,8,1,1
codewithMUHILAN,ＭＵＨＩＬＡＮ,"chennai, india",10,2132,811,118,1,0
aritraroy,Aritra Roy,"Kolkata, India",34,2091,14303,2268,1,0
PeetlaMahesh123,🎯✨Peetla Mahesh💫🤖,"Mico Layout , Bangalore, Karnataka, India",35,2013,254,4,0,18
saviomartin,Savio Martin,"Kerala, India",5,2001,1985,226,1,1
rahuloraj,Rahul Raj 🇮🇳 ,"Delhi,India ",40,1954,219,3,1,1
devanshbatham,Devansh Batham,India,34,1947,13689,2358,0,0
zerodha,Zerodha Tech,"Bangalore, Karnataka, India",50,1904,5271,2063,1,4
eazybytes,Eazy Bytes,India,21,1837,3785,4681,1,1
labnol,Amit Agarwal,India,44,1786,4176,807,1,2
smartherd,Sriyank Siddhartha,India,40,1764,2011,1399,1,0
parthwebdev,Parth Johar,India,25,1728,689,153,0,0
soumyajit4419,Soumyajit Behera,"Bhubneswar,India",40,1721,7124,3814,1,2
aniketdobriyal,Aniket Dobriyal,"India, Asia",19,1704,21,2,1,12
blueedgetechno,Blue,India,33,1698,10092,1343,1,5
LearnCodeWithDurgesh,Learn Code With Durgesh Officials,INDIA,47,1606,912,958,1,4
tech-ramakant,Ramakant Tiwari,"Surat, Gujarat, India",19,1594,118,4,1,1
amark720,Amar kumar,"Kolkata, India",33,1576,186,77,1,0
0xInfection,Pinaki,"Kolkata, India",12,1530,11255,1895,1,5
amankharwal,Aman Kharwal,India,38,1523,497,551,1,2
thehackingsage,Vipul Tiwari,India,28,1466,4804,967,1,9
raisedadead,Mrugesh Mohapatra,"Bengaluru, India",29,1451,107,26,1,1
CrazyIndianDeveloper,Vijay Mahajan,India,20,1419,109,13,1,0
bansalkanav,Kanav Bansal,India,45,1397,1694,689,1,1
Sumersingpatil2694,Sumersing Patil,India,6,1351,44,2,0,0
SamirPaulb,Samir Paul,"Bengaluru, Karnataka, India",17,1350,3322,856,1,11
N4si,Nasiullha Chaudhari,India,44,1329,1186,5188,0,0
tilakjain123,Coding Dev,India,18,1294,336,76,1,3
kunaltyagi9,Kunal Tyagi,"Delhi NCR, India",27,1291,1697,1923,1,0
sumitkumar1503,sumit kumar,India,27,1288,2375,1742,0,1
agnivade,Agniva De Sarker,"Bangalore, India",47,1282,1300,114,1,3
shantunparmar,Shantun Singh Parmar,India,24,1278,89,4,1,4
sabeerbikba,sabeer bikba,"Karnataka, India",17,1260,112,7,0,2
InterviewReady,InterviewReady,"Hyderabad, India",9,1199,21909,3132,1,1
ruppysuppy,Tapajyoti Bose,"Kolkata, West Bengal, India",33,1191,1071,310,1,0
archcraft-os,Archcraft,India,45,1152,5136,449,1,5
hi-manshu,Himanshu Singh,India,39,1131,3130,258,1,1
amanvermai30,Aman Verma,India,21,1126,41,1,1,1
rmehta,Rushabh Mehta,"Mumbai, India",39,1109,61,47,1,4
nishantwrp,Nishant Mittal,India,44,1095,805,188,1,1
vopani,Rohan Rao,"Bengaluru, India",12,1089,1168,166,1,0
kinghacker0,Mohit Kumar,India,27,1083,2745,530,1,0
khemssharma,Ayush Sharma,"Bhopal, Madhya Pradesh, India",17,1073,73,11,1,4
sarthaksavvy,Sarthak Shrivastava,India,22,1071,857,199,1,0
aniketsingh0104,Aniket Singh,India,13,1063,23,5,1,0
karma9874,Neeraj Singh,"Bangalore, India",19,1062,5199,1687,1,1
hackiftekhar,Mohd Iftekhar Qurashi,"Chandametta, Madhya Pradesh, India",29,1057,18560,2934,1,0
sahils0,Sahil,"Mumbai, India",27,1053,21,0,0,1
niharika2810,Niharika Arora,"Bangalore, India",29,1044,838,229,1,3
Complete-Coding,Complete Coding with Prashant Sir,India,15,1024,1053,1164,1,10
SnippetCoders,SnippetCoder,"New Delhi, India",30,1014,343,235,1,0
0xmainak,Mainak,India,44,1014,112,10,1,1
fenrir2608,Fenrir,India,14,1013,720,174,1,1
GreatStackDev,GreatStack,India,5,991,1635,1139,1,0
s-r-e-e-r-a-j,Sreeraj S Kurup ,"kerala, india",45,985,1345,220,0,0
LearningJournal,Prashant Kumar Pandey,India,29,985,1563,2137,1,1
SauravMukherjee44,Saurav Mukherjee,"West Bengal, India ",41,978,472,737,1,11
ihsavru,Urvashi,India,46,940,140,61,0,8
dynamitechetan,Chetan Kaushik,"Bangalore, India",38,917,1592,246,0,3
sujeetcoder,Sujeet Kumar,"Bettiah,bihar, india",36,916,45,4,1,1
tapascript,tapaScript,India,49,886,1244,242,1,0
ArchishmanSengupta,Archie Sengupta,india,46,882,256,34,1,0
kailashahirwar,Kailash Ahirwar,Bangalore India,21,871,15461,3437,1,3
chetannada,Chetan Nada,India,16,870,2331,1173,1,0
jassics,Sanjeev Jaiswal,"Bangalore, India",24,863,8016,1278,1,2
aswintechguy,Aswin S,"Chennai, India",9,858,1915,1072,1,0
harsh-bothra,Harsh Bothra,India - Remote,22,829,2976,846,1,5
jasonjpulikkottil,Jason J Pulikkottil,India,27,828,38,6,1,0
ArshVermaGit,Arsh Verma,India,31,823,153,43,1,3
bhautikpatel21,Bhautik Dudhat,india,23,822,17,6,0,0
MathewSachin,Mathew Sachin,India,6,818,10747,1981,1,2
fossunited,FOSS United Foundation,India,43,811,756,256,1,9
Xtremilicious,Nilarjun Das,India,42,810,6025,559,1,10
anushka23g,Anushka Gupta,India,21,797,4268,1234,1,0
anshull-rajput,Anshul Rajput ,"Indore , India",6,795,67,2,0,0
soaebhasan12,Shoaib Ahmad,India,39,794,7,0,0,1
bawejagb,Gaurav Baweja,"Chandigarh, India",19,788,66,8,0,1
black-shadows,Abhishek Sharma,"Bengaluru, India",11,787,1864,779,1,0
arindam-codes,Arindam B.,India,30,761,93,0,1,1
manojVivek,Manoj Vivek,"Coimbatore, India",46,750,5560,457,1,4
blenderskool,Akash Hamirwasia,"Bangalore, India, Earth",43,749,3358,378,1,3
abuhuraira-73,Abu Huraira,India,21,742,96,11,1,0
Code-N-Code,Waqar Ahmad,India,23,741,488,97,1,1
zoxilsi,ABHIJITH T ,INDIA,23,725,109,51,1,0
Vanshikagarg17,Vanshika Garg,"Bangalore, India",44,725,64,75,1,0
suhelhasan,Suhel Hasan,India,29,721,43,3,0,5
Mayankgg01,Mayank Gupta 🪿,india,16,711,421,824,1,0
CSharpDesignPro,Arun Mutharasu,India,21,709,1153,442,1,0
shijuvar,Shiju Varghese,"Kochi, India",37,709,2268,685,1,1
CircuitVerse,CircuitVerse,India,20,694,1683,3188,1,5
sanal-m-s,sanal m s,"Kochi,India",21,694,32,1,1,1
harjot-oberai,Harjot Singh Oberai,"Chandigarh, India",29,692,9116,1236,1,0
karthi-the-hacker,karthikeyan.V,india,41,679,345,98,1,1
Divyanshu-ISM,Divyanshu Vyas,India,42,673,393,212,1,0
AshiteshSingh,Ashitesh,India,26,672,250,8,1,2
a3X3k,S Abhishek,India,31,671,59,23,1,6
kuldeeprajput-dev,Kuldeep RajPut,India,15,664,106,6,0,0
tagda-coder,         Mandeep Malakar ,India ,43,663,303,74,1,4
CybroOdoo,Cybrosys Technologies,"Calicut, India",26,662,592,1141,1,0
subhra74,Subhra Das Gupta,"Kolkata, India",24,657,10453,1553,0,10
sk66641,Sanu Kumar,India,37,656,91,124,0,6
AndroidIDEOfficial,AndroidIDE,India,19,655,3508,841,1,1
manikandanraji,Manikandan Raji,"Chennai, India",7,648,3398,779,0,0
Mohitkamboz,Mohit Kamboj,india,35,643,277,105,1,1
goru001,Gaurav Arora,"Bengaluru, India",40,642,1589,349,1,1
theharshalchaudhari,Harshal Chaudhari,"Mumbai, Maharashtra, India",13,637,0,1,0,0
Jiganesh,Jiganesh Patil,India,48,633,544,91,1,7
ParthJadhav,Parth Jadhav,"Pune, India",47,629,16770,1358,1,0
nikoo28,Nikhil Lohia,India,29,629,355,266,1,3
djadmin,Dheeraj Joshi,India,38,626,6727,1219,0,5
Python-World,PYTHON WORLD,India,12,621,19664,6514,1,5
ragdroid,Garima Jain,"New Delhi, India",21,621,467,68,1,2
shashankrustagi,Shashank Rustagi,"Delhi, India",18,607,1723,229,1,1
Devs-Dungeon,DEVs Dungeon,India,7,602,346,93,1,1
ragunathjawahar,Ragunath Jawahar,"Bengaluru, India",50,596,4377,657,1,2
Code4GovTech,Code for Good Tech (C4GT),India,17,596,514,732,1,2
abhigyanpatwari,Abhigyan Patwari,"Guwahati, Assam, India",20,587,39856,4542,0,4
afsalat,AFSAL  AT,"kerala, india",23,585,20,6,0,2
prathyyyyy,Prathy,"Tamilnadu , India",20,584,41,8,0,0
surfsidemedia,Surfside Media,India,9,570,323,158,1,3
vaibhawvipul,Vipul Vaibhaw,"Bengaluru, India",19,569,633,111,1,2
TheCaduceus,Dr.Caduceus,India,13,568,2560,1843,0,7
retroportalstudio,Paras Jain,India,30,566,1301,630,1,0
mittrayash,Yash Mittra,"Delhi, India",45,562,175,97,1,0
skygitIG,Akash Kumar,India,28,560,158,24,1,7
devfolioco,Devfolio,"Bangalore, India",25,555,846,625,1,3
yogeshhk,Yogesh Haribhau Kulkarni,Pune-India,16,555,519,278,1,0
GOPIKRISHNAN-S-15,GOPIKRISHNAN S,India,19,555,90,6,0,7
gevendra2004,Gevendra Sahu,India,17,551,704,96,0,7
dinudsi,Dinudsi,"Udaipur, India",34,551,14,1,0,1
gauravghai,Gaurav Ghai,India,18,550,463,489,1,0
shivam-bhadani,Shivam Bhadani,India,36,548,163,35,1,2
codedamn,Codedamn,India,16,545,647,743,1,1
tomas0502,Tomas Cooper,"Mumbai, India",13,536,47,2,1,0
Tritonix711,Samanta Das,India,14,533,46,4,1,0
PriyankaJhaTheDeveloper,Priyanka Jha,"New Delhi, India",13,531,777,144,1,0
CRED-CLUB,CRED,"Bangalore, India",16,526,4188,542,1,3
YBIFoundation,YBI Foundation,India,25,525,1935,1009,1,0
spatialthoughts,Ujaval Gandhi,India,35,523,286,136,1,8
NSG650,Ankit Kumar,"Bangalore, India",34,521,1693,90,1,1
iamsatyamyadav,satyam ,India,21,517,34,8,1,2
Swati-Tanu,Swati Tanu,India,43,514,9,4,1,0
m-sehrawat,Mohit Sehrawat,"Delhi, India",20,514,214,131,1,7
krishealty,Krish Lalwani ,India,18,513,425,64,1,5
CSEdgeOfficial,CSEdge,India,15,506,139,332,1,0
khushie09,Khushi Chetule ,"Nagpur, India",39,504,81,2,0,4
tesla-is,The Spirit of Nikola Tesla,India,19,504,85,96,1,0
fayasnoushad,Fayas,"Kerala, India",44,504,785,757,1,2
MoncyDev,Moncy Yohannan,"Mumbai, India",8,504,973,408,0,0
megh-bari,Megh Bari,Mumbai (INDIA),44,501,3442,309,1,2
prasadgujar,Prasad Gujar,"Mumbai,India",31,500,8044,2575,1,2
ARYANK-08,Aryan Kyatham,"Mumbai, India",31,494,229,50,0,2
vishalkrishna8,Vishal Krishna ,"Bengaluru, India",49,492,16,2,1,2
harshjuly12,‎Harsh Kumar Singh,"Navi Mumbai, India",19,490,154,40,0,0
kunalg123,Kunal Ghosh,"Bangalore, India",18,488,316,113,1,0
MovingToWeb,Ajay Kumar S,"Chennai, India",44,487,9,28,1,1
reactplay,ReactPlayIO,India,14,487,1689,1078,1,1
backslashflutter,BackSlash Flutter,"Lucknow, Uttar Pradesh, India",34,486,310,231,1,2
kunalj101,Kunal jain,"Gurgaon, India",31,482,549,545,1,0
Hassan-Shoayb,Hassan Shoayb,"Delhi, India",35,481,50,9,1,1
ashkulz,Ashish Kulkarni,"Thane, India",6,479,1025,186,0,2
sarvamai,sarvam.ai,India,33,479,339,141,1,0
techarkit,Ankam Ravi Kumar,India,18,477,986,1266,1,2
VJBots,Tech VJ,India,28,477,3444,9029,0,0
GeekAadityaSinha,Aaditya Sinha,India,5,475,6,1,0,5
amangoeliitb,Aman Goel,"Mumbai, India",12,474,35,27,1,0
ghoshnirmalya,Nirmalya Ghosh,India,46,474,1731,464,1,1
Santosh-Baliarsingh,Santosh Baliarsingh,India ,33,473,88,5,1,0
thegeekyb0y,Aditya Tiwari,India,22,473,1082,160,1,1
Cloud-Wala-Banda,Cloud Wala Banda,India,5,469,736,378,1,0
H-a-r-s-h-i-t-a-k,HARSHITA,"Delhi, India",23,467,73,9,1,3
srkjha,Saurabh Kumar,"Sitamarhi, India",28,465,11,1,1,5
MrPunyapal,Punyapal Shah ,"Ahmedabad, India.",31,462,1087,133,1,3
logicopslab,LogicOps Lab by Ravish,India,21,459,146,894,1,0
shivsinghin,Shiv Singh,India,17,458,3,0,1,0
aayushi-droid,Aayushi Sharma,India,26,458,141,317,1,3
Hackertrackersj,Sobhit jadoun,India,35,457,2495,269,1,19
jace,Kiran Jonnalagadda,"Bangalore, India",42,456,80,15,1,3
avanishmani,Avanish Mani Tripathi,"Deoria ,India",27,455,41,1,1,1
LetsUpgrade,LetsUpgrade Community,India,33,452,1104,957,1,2
abhishek-0713,Abhishek D. Patil,"Pune, Maharashtra, India",28,452,81,30,1,1
0xPugal,Pugalarasan,"Tamil Nadu, India",20,450,3209,648,1,1
nabinhait,Nabin Hait,"Mumbai, India",48,447,16,17,0,0
shubham0204,Shubham Panchal,"Pune, Maharashtra, India",46,447,2107,445,1,5
mrankitgupta,Ankit Gupta,"Pune, Maharashtra, India",16,447,1222,216,1,2
Kashyapghodasara,Kashyap Patel,India,21,445,26,0,1,3
Hackerscolonyofficial,Hackers Colony Official,India,50,445,294,90,1,1
rjsamra,RAJKUMAR,"Mumbai, India",42,445,44,7,1,1
shyamseshadri,Shyam Seshadri,"Navi Mumbai, India",20,445,2295,1681,1,1
ankitpriyarup,Ankit Priyarup,India,38,443,1859,904,1,0
phatak-dev,Madhukara Phatak,India,48,442,666,567,1,7
WebJournal,Pankaj Kumar,India,6,442,1358,1965,1,0
ramagururadhakrishnan,Ramaguru Radhakrishnan,"Coimbatore, India",34,441,27,33,1,17
Hellsender01,Harshit Joshi,India,26,440,311,70,0,0
adityatelange,Aditya Telange,"Navi Mumbai, India",40,438,14544,3536,1,7
lakshayk12,Lakshay Kumar,India,14,436,24,45,0,2
swapnilsparsh,Swapnil Srivastava,India,44,436,1607,1144,1,2
piyush-agrawal6,Piyush Agrawal,"Bargarh , Odisha , India",40,435,190,63,1,2
JapneetSachdeva1,Japneet Sachdeva,"Delhi, India",25,434,229,158,1,2
snax37,Snaxxx,india,13,433,9,1,0,0
manojkumar-jmp,Manoj Kumar,"Bangalore, India",28,432,180,0,0,8
tarunksao,Tarun Kumar Sao,"Bilaspur, Chhattisgarh, India",39,429,39,2,1,1
groverkds,Karandeep Singh Grover,"Vadodara, Gujarat, India.",8,428,33,31,1,0
teejee2008,Tony George,India,25,427,6476,735,1,5
alexcj10,Alex,"Mumbai, India",10,426,49,15,0,0
ashokdey,AD,India,41,425,112,47,1,0
Pradeep-Pandey13,Pradeep Pandey ,"New Delhi, India",21,419,1263,145,1,0
Jhakailash,kailash jha," Kolkata , India",37,415,11,3,1,1
Py-Contributors,PyContributors Developers Community,India,47,414,1869,1271,1,6
amhsirak,Karishma Shukla,"Mumbai, India",35,413,214,58,1,1
Aakibgithuber,Aakib khan,"Faridabad , India",50,412,140,1117,0,0
abhishekprajapatt,Abhishek Prajapatt,"Delhi, India 🇮🇳",28,412,309,9,1,0
balapriyac,Bala Priya C,India,33,412,886,249,0,0
divyanshu013,Divyanshu Maithani,India,46,411,243,32,1,9
umeshshinde19,Umesh Shinde,India,33,411,1000,544,1,0
shijithpk,Shijith Kunhitty,"Noida, India (it's near Delhi)",47,409,93,16,1,20
Indian-Algorithmic-Trading-Community,Indian Algorithmic Trading Community,India,14,409,126,116,0,0
mitulgolakiya,Mitul Golakiya,"Surat, India.",24,409,717,155,1,0
erravimishracse1,RAVI MISHRA,India,22,408,25,2,0,2
sreya-satheesh,Sreya Satheesh,"Kannur, Kerala, India",15,408,146,11,0,0
mlpao500,Lungoupao Khongsai,"Churachandpur, Manipur, India ",14,405,30,0,1,0
TechnitiumSoftware,Technitium,"Mumbai, India",6,404,9186,915,1,0
avipatilpro,Avishkar Patil,"Maharashtra, India",8,404,961,1733,0,1
ajaykuma,Ajay S,India & Europe,18,404,67,56,1,0
souravkl11,Sourav ,"Kozhikode, Kerala, India",15,402,2465,9399,1,3
ivin-titus,Ivin Titus,"Kerala, India",21,402,46,4,1,0
akpythonyt,Arun,India,27,401,209,148,1,0
Mrvishal2k2,Vishal R,"Bangalore, Karnataka (INDIA)",6,399,130,219,0,1
MindorksOpenSource,MindOrks,"Gurgaon, India",26,397,4930,897,1,1
sitaramc,Sitaram Chamarty,"Hyderabad, India",16,396,8931,1095,1,3
0x0Glitch,Anshuman Yadav,"Roorkee, India",48,396,9,5,0,0
controllerstech,ControllersTech,"Dehradun, India",6,395,511,208,1,0
anubhavanonymous,Anubhav Kashyap,India,23,394,1345,236,0,2
V4NSH4J,Vanshaj,"New Delhi, India",5,394,2500,776,1,0
Akarshjha03,AKARSH JHA,India,44,393,237,22,1,1
iAyon,Ayon Roy,"Delhi, India",7,393,697,231,1,1
Sunchit,Sunchit Dudeja,India,20,392,715,366,0,1
pavanpodila,Pavan Podila,"Hyderabad, India",33,391,190,36,1,0
NitinSemwal2605,NitinSemwal,"Chandigarh, India",42,391,106,6,1,2
developersIndia,developersIndia,India,11,390,260,97,1,4
keshav-exe,Keshav Bagaade,"Hyderabad, India",23,386,386,44,1,0
isky27,Gagan Kumar Jindal,"Jaipur, India",22,385,3,8,0,1
shraddhaag,Shraddha Agrawal,India,49,385,338,31,1,0
analyticsindiamagazine,Analytics India Magazine,"Bangalore, Karnataka, India",10,383,452,247,1,0
ASHWIN990,Ashwini Sahu,"Hyderabad, India",47,382,2287,379,0,2
InduprasadSR,Induprasad S R,"Banglore,India",13,381,28,8,0,1
TrainWithShubham,TrainWithShubham | DevOps & Cloud Community,India,14,380,1498,9626,1,2
GirlScript,GirlScript Foundation,India,41,379,1098,1883,1,16
ashitaprasad,Ashita Prasad,India,21,379,35,23,1,1
ms-yogi,Yogini Bende,"Pune, India",16,377,313,49,1,0
Suraj-Upadhyay,Suraj Upadhyay,"Mumbai, Maharashtra, India",36,376,36,6,1,3
CrazeDoc,Aakash Rao,"Nagpur, Maharashtra, India",14,376,850,105,0,0
JaySabva,Jay Sabva,India,32,375,41,10,0,4
vinayak25,Vinayak Sarawagi,India,40,374,28,3,1,1
VipinMI2024,Vipin Mishra,India ,21,374,12,0,0,0
Deepaksharma-39,Deepak Sharma,"Delhi, India",34,373,13,1,1,1
Cyberoctane29,Saswat Seth,India,43,372,17,2,1,10
GauravKesh,Gaurav Kesh Roushan,"Bengaluru, India",46,371,60,7,1,2
YashBhindia,Yash Bhindia,"Gwalior, India",35,368,26,2,1,1
itspyguru,Prajjwal Pathak,"Varanasi, India",44,367,684,486,0,2
Ritik5Prasad,Ritik Prasad,India,17,367,225,120,0,0
Bhupesh-V,Bhupesh Varshney,"New Delhi, India",33,367,3541,820,1,5
RameshAditya,Aditya Ramesh,India,28,366,1615,210,1,3
hmu35,Himanshu Kumar,"Patna, Bihar, India",16,365,39,2,1,1
Gogul09,Gogul Ilango,"Bangalore, Karnataka, India",16,363,844,461,1,2
ikismail,Mohammed Ismail,"Chennai, India.",41,363,1382,1000,1,2
theashishgavade,The Ashish Gavade,"Panvel,Mumbai,India",29,363,245,28,1,5
BakkappaN,Testers Talk,"Bangalore, INDIA",30,362,362,406,1,2
ft-mammoo,Muhammed,"Kerala,India",19,361,93,2,1,12
Acode-Foundation,Acode Foundation,India,20,359,6211,1654,1,1
nishanthvijayan,Nishanth Vijayan,"Bangalore, India",34,357,1007,142,1,3
codeartisanlab,Code Artisan Lab,India,42,356,183,150,1,0
aryanc403,Aryan,India,14,355,86,35,1,0
kingsidharth,King Sidharth,India,30,354,858,629,1,0
RevoltSecurities,RevoltSecurities,India,31,354,2566,395,1,0
TutorJoes-Stanley,Tutor Joes,India,24,353,95,75,1,0
anirudhmurali,Anirudh Murali,India,13,352,14,5,1,0
farmantasleem,Farman Tasleem,"Bangalore, India",33,352,42,5,0,1
CodingWallah,Coding Wallah,"Delhi, India",11,350,69,36,0,0
HarshilShah,Harshil Shah,"Mumbai, India",33,349,4479,268,1,2
erGaurav13,Gaurav kumar,"MEERUT ,UP, INDIA",46,348,11,4,1,1
anirudhmalik,Anirudh Malik,🇮🇳 India ,5,348,1045,373,0,0
Blank-c,Blank,India,8,348,1482,377,0,0
navdeep1676,Navdeep,"Delhi, India",33,347,94,88,1,1
afsalashyana,Muhammed Afsal Villan,"Malappuram, Kerala, India",18,347,1170,601,1,0
vickychijwani,Vicky Chijwani,India,41,345,980,183,1,6
mdsaban,Md Saban,"Bengaluru, India",16,344,317,77,1,2
techgod143,Tech God,Rampur uttar pradesh india,39,344,883,2212,1,0
lassiecoder,Priyanka Sharma,India,27,344,1002,639,0,5
TheScarastic,Abhishek Aggarwal,"Shimla, India",41,343,181,448,0,1
ehrishirajsharma,Rishiraj Sharma,"Jaipur, India",8,342,1072,165,1,0
Daksh777,Daksh P. Jain,"New Delhi, India",41,342,1143,220,1,5
booleanhunter,Ashwin Hariharan,India,28,342,2732,1142,1,2
rishikonapure,Rushikesh Konapure,India,38,342,244,49,1,1
pratapvardhan,Pratap Vardhan,India,36,341,307,187,1,5
Anof-cyber,Sourav Kalal,India,32,340,1565,223,1,4
itsdakshjain,Daksh Jain,"Delhi, India",34,340,22,6,0,1
kaiwan,Kaiwan N Billimoria,"Bangalore, India",49,339,340,111,1,0
ni5arga,Nisarga Adhikary,India,39,338,663,73,1,0
vershwal,Princi Vershwal,"Dehradun, India",28,337,23,10,0,1
AbhishekSuresh2,Abhishek Suresh,"India,Kerala",10,337,1503,4657,1,0
SwapnilRao619,Swapnil Rao,"Bangalore, India",19,336,77,6,0,0
iSPIRT,iSPIRT/ProductNation,India,36,334,125,139,1,7
purushottamkar,Roop Aparajita Subhra Purushottam,"Kanpur, Uttar Pradesh, India",24,334,465,404,1,0
shyamtawli,Shyam Tawli,"Indore, India",34,334,640,598,1,3
devxprite,Prateek,"Kanpur, India",29,333,1654,334,1,9
Ashish33000,Ashish Kumar,Bhagalpur India,34,332,46,0,1,1
AbhishekGandre,Abhishek Gandre,INDIA,37,332,45,0,0,1
bhavsarpratik,Pratik Bhavsar,India,38,331,362,129,1,1
pranitbauva1997,Pranit Bauva,"Mumbai, India",29,327,57,21,1,1
network-evolution,NetworkEvolution,India,23,327,211,184,1,0
karthikb351,Karthik Balakrishnan,"Bangalore, India",50,326,208,90,1,14
AlbertEinsteinTG,Ben S George,"Kerala, India",50,323,335,2337,1,0
iseemasaharan,Seema Saharan,India,35,322,38,36,1,2
ARUNAGIRINATHAN-K,ARUNAGIRINATHAN_K ,India,35,321,283,51,1,6
pushkardangi,Pushkar Dangi,"Indore, Madhya Pradesh, India",36,321,18,3,1,1
deepakcode21,Deepak,"Delhi, India",29,321,89,10,1,0
RohitKushvaha01,Rohit Kushvaha,"India, Madhya Pradesh",35,319,1171,100,0,1
SaraBioinformatics,Sarita Maurya,Prayagraj Uttar Pradesh India,19,319,35,0,1,1
rootxharsh,Harsh Jaiswal,"Indore, India",40,319,30,15,1,1
parimeena404,Pari Meena,"Indore , India",26,318,31,16,0,0
anandchauhan21,anand  chauhan,india,39,316,215,121,1,0
archanchoudhury,BlackPerl,India,20,316,311,108,1,0
aadi1011,Aadith Sukumar,Pune. India,34,315,3724,730,1,3
mohitd427,Mohit Kumar,"Lucknow, UP, India",30,315,18,0,1,1
dark-player,lalit wagh,India,31,315,1250,87,1,1
shobhamalviya,Shobha Malviya,"Bhopal, Madhya Pradesh, India",27,314,31,5,0,1
Gaurav000001,Gaurav Ganguly,"Maharashtra, India",19,314,11,3,1,1
Iamlooker,LooKeR,India,19,313,564,52,1,3
shivamshekhar,Shivam Shekhar,"Ghaziabad, India",27,312,194,108,0,5
DivitMittal,Divit Mittal,India,50,312,323,15,1,0
manojjha86,procademy,"Bengaluru, India",13,311,394,358,1,0
cyberfascinate,Kashish Kanojia,"New Delhi, India",8,311,1406,466,1,3
shrutipanjwani,Shrutz,"Bangalore, India",26,310,72,13,1,4
dhanvi,Tummala Dhanvi,India,9,309,11,0,1,0
aliHafizji,Kauserali,India,30,309,146,49,1,1
aryanvikash,Aryan Vikash,India,37,308,1103,1800,1,1
abhayfaldu,Abhay Faldu,"Jamnagar, Gujrat, India",37,308,16,6,1,1
apurva313,Apurva Kumar,"Kolkata, India",44,308,40,1,0,3
LazyyVenom,Anubhav Choubey,India,48,306,113,8,1,1
neha01,Neha Yadav,"Bengaluru, India",32,306,468,458,0,0
BENi-Aditya,Aditya Tripathi,India,25,306,24,5,1,4
devaar100,Aarnav Jindal,"Delhi, India",46,305,98,59,1,0
HarshAndroid,Harsh H. Rajpurohit,India,16,304,792,290,0,1
ProgrammerGaurav,Programmer Gaurav,"Bengaluru, India",35,304,571,476,1,18
shashankmehta,Shashank Mehta,"Bangalore, India",18,304,982,217,1,3
AshishGupta189,Ashish Gupta,"Ayodhya,Uttar Pradesh, India",20,303,5,2,1,1
InfoSecWarrior,Infosec Warrior,India,25,303,982,548,1,2
Saquib0001,Saquib Shadab,"Ranchi, India",18,301,40,0,0,1
arjunsingh27,Arjun Singh,India,33,300,89,6,1,6
sukhbir-singh,Sukhbir Singh,India,45,300,110,158,0,1
CarthikYes,Karthik S ✔️,"Tirunelveli, Tamil Nadu, INDIA",18,300,21,0,1,1
shashi1049,Shashi Ranjan,"Darbhanga, Bihar, India",23,300,12,0,1,1
SNGWN,Mr. Sangwan,India,6,299,1250,137,1,1
Nalan-PandiKumar,NALAN,"Madurai,Tamilnadu,India",14,299,71,3,0,0
prateek147,Prateek Gianchandani,"New Delhi, India",40,298,1625,368,1,3
junedchhipa,Juned Chhipa,India,8,298,128,31,0,1
pythonhacker,Anand B Pillai,"Bangalore,India",21,298,61,34,1,0
IHA089,IHA089,India,44,297,481,89,1,1
PredatorHackerzZ,ツAбхишек Kумар,India,19,297,422,1241,0,0
nitin-agam,Nitin Aggarwal,India,35,297,413,99,1,3
nikit19,Nikit Bhandari,"New Delhi, India",50,296,174,39,1,2
Heavenzeus07,Sankhadip Bag,"India, Kolkata",8,295,26,0,0,0
qxresearch,qxresearch,India,13,294,2735,848,1,5
shubhamksingh,Shubham Kumar singh,India,19,294,27,7,1,2
TejasMedade,Tejas Vilas Medade,"Mumbai, Maharashta, India",18,293,109,32,1,1
yoursandeshshrestha,Sandesh Shrestha,India,23,293,66,25,1,0
Arch3xpert,Manish Ranjan,INDIA,14,293,37,55,1,0
itsaky,Akash Yadav,India,33,292,225,72,1,1
zuhedshaikh95,Zuhed Shaikh,"Bengaluru, India",18,292,96,48,1,1
irshadbaruah,Irshad_Baruah,"Assam, India",36,291,15,1,0,3
aman0046,Aman Chowdhury,"Pune, India",14,291,1941,486,0,2
shashirajraja,Shashi Raj,India,27,291,1298,4222,1,6
abidrahmank,Abid K,India,31,289,1859,1180,0,0
SudKul,Sudhanshu K,India,37,289,14,52,0,0
ronitmevada,Ronit Mevada,India,19,288,4,0,0,1
rounakbanik,Rounak Banik,India,50,288,1085,613,0,4
Rishon-A-Singh,Rishon Anvay Singh,"Bangalore, India ",9,288,0,1,1,1
KodiMadhavaRao,KodiMadhavaRao,"Hyderabad,India",32,288,55,8,0,0
vinnybellack,Vinod Balakrishnan,India,8,286,14,1,1,0
yogsec,Abhinav Singwal,"Meerut, Uttar Pradesh, India",30,286,2612,426,1,4
cseftw,Pystar ,India,20,286,36,8,0,2
panda-sai,Panda Sai Sankara Kesava Nath,India,27,285,5,143,1,0
kumartul,Atul Kumar,"Lucknow, Uttar Pradesh, India",8,284,100,10,1,0
Sagar2366,Sagar Utekar,"Pune, India",25,284,294,295,1,0
knrt10,Kautilya Tripathi,India,50,283,2838,312,1,8
malwarekid,Nitin Sharma,India,24,283,537,113,1,2
NebulaTris,Shambhavi Mishra,India,34,283,483,217,1,1
SubhamTyagi,Shubham,INDIA(भारत),19,283,1235,291,0,1
SrijanSriv211,Srijan Srivastava,India,14,282,93,19,1,2
imtheaman,Aman Kumar,India,47,282,30,2,1,2
himahuja,Himanshu Ahuja,"New Delhi, India",44,282,49,24,1,0
utsho-sadhak-joy,Utsho Sadhak Joy,"Bangalore,india",17,282,7,0,0,3
Brita302003,Brita Nadar,"Mumbai, India",5,281,12,0,0,0
the-hyp0cr1t3,Hriday G,"Bangalore, India",18,279,1009,215,0,1
jeevanjyoti4,Jeevanjyoti Chakraborty,"Kharagpur, West Bengal, India",10,278,60,31,1,0
darshanpawar101,Darshan Pawar,"Pune, India",22,278,438,247,0,6
ilyas-it83,Ilyas F,"Bangalore, India",14,277,1504,1024,1,2
ultrahacx,Anurag Verma,India,31,276,229,111,1,1
KingsGambitLab,InterviewBit & Scaler,India,11,276,576,687,1,0
sharish,Harish Sridharan,"Bengaluru, India",25,276,6899,1181,0,1
aatish-anonymous,Devang Kartik ,India,11,276,12,2,0,0
rahul286,Rahul Bansal,"Pune, India",23,276,9,2,1,1
manishbhaiii,!~ ٴ! it's manish 🪄,"India, Uttar Pradesh",19,276,596,1657,1,0
codekerala,Code Kerala,"Trivandrum, Kerala, India",10,275,688,369,1,0
Akshat-Jain,Akshat Jain,India,30,275,656,133,1,1
tushar-br,Ꮦushar bɾ,india - Gujrat,8,273,0,0,1,0
mehfoozkhangithub,Mehfooz Khan ✅,"Mumbai, India",45,273,108,5,1,2
MohanM501,Mohan M,"Bangalore, India",40,272,22,2,1,1
Grace-Hephzibah,Grace Hephzibah M,India,43,272,24,7,1,1
AbhinavXJ,Abhinav Jha,"Vellore,India",42,272,207,11,1,5
afarhan,Ashhar Farhan,"Hyderabad, India",32,271,829,393,1,0
sapvs,Sapan V,India,42,271,4,1,0,0
ashisshdev,Ashish,"Chandigarh, India",22,270,110,28,0,0
abhinavsingh,Abhinav Singh,"Lucknow, India",27,270,3767,692,1,1
sangle2022,Suraj Sangle,"Maharashtra, India.",35,269,25,3,1,1
ARPSyndicate,A.R.P. Syndicate,INDIA,23,269,3996,351,1,0
MrMKN,MrMKN,Kerala /India ,9,269,1073,2894,1,1
ankushchimnani,Ankush Chimnani,India,9,269,489,583,0,0
nxvvvv,nav,India,39,269,1139,311,1,16
bhavukjain1,Bhavuk Jain,"Delhi, India",30,268,67,22,0,4
vasusen-code,Mahesh Chauhan,India,25,268,2246,3971,0,1
devgaganin,Gagan,India,16,267,847,1880,1,0
kumar-pratik1006,Kumar Pratik ,India ,10,266,2,0,1,2
Dhunu,Angel Saikia,"Nagaon, Assam, India",28,265,17,1,1,1
panda-sandeep,Sandeep Panda,India,30,264,445,46,1,0
developer-shivam,Shivam Satija,"New Delhi, India",13,264,2959,426,1,0
hariombalhara,Hariom Balhara,India,33,263,10,3,1,0
arunprasaad2711,Arun Prasaad Gunasekaran,"Bengaluru, India",10,263,97,55,1,1
syamkakarla98,Syam kakarla,India,38,262,802,292,0,6
mukyasa,Mukesh Mandora,"Mumbai,India",36,262,2683,455,1,0
urmilshroff,Urmil Shroff,"Mumbai, India",49,261,722,149,1,7
shravankoninti,Shravan Koninti,"Hyderabad, India",32,261,48,75,1,0
AnkitJodhani,Ankit Jodhani,India,32,261,307,347,1,0
abhaysinghr516,Abhay Singh Rathore,"Jaipur, RJ, India",9,261,33,34,1,0
Linuxndroid,Linuxndroid,Jaipur India,28,260,436,158,1,1
angel-one,Angel One,India,28,260,254,431,0,1
NSSTUDIO-html,NAGA SASANK ,KOTHAPATNAM AP INDIA,32,259,72,0,1,29
Ghanishtkhurana,Ghanishtkhurana,"Delhi,India",38,259,9,9,1,1
GauravWalia19,Gaurav Walia,"Hyderabad,India",49,259,322,65,1,2
usmaan-shahh,Usman Shah,"Srinagar, Kashmir, India",13,258,3,0,0,0
The-Commit-Company,The Commit Company,India,13,257,1091,522,1,1
iNeuron-ai,iNeuron-ai,"Bengaluru, India",6,257,4,1,1,0
originalankur,Ankur Gupta,"Bengaluru, India",19,256,14854,1324,1,1
VaibhavUgratara,Kumar Vaibhav Ugratara,India,13,254,2,0,0,2
sre42,Omar,"Bangalore, India",40,254,30,24,0,0
stuxnet999,Abhiram Kumar,India,23,254,2004,253,1,1
SumitPokhriyal5,Sumit Pokhriyal,"Uttarakhand,India",45,253,49,2,1,5
Hardeepcoder,EasyCode Sardar,india,29,252,267,338,1,2
mahimarawat0707,Mahima Rawat,India,13,251,75,1,0,3
Ajay-056,ak@developer,"Kallakurichi,Tamil Nadu, India",42,250,140,25,0,0
Anurag8305,Anurag Raj,"Bengaluru, Karnataka, India",28,250,15,3,1,1
CursorTouch,CursorTouch,India,7,250,6811,900,0,0
ichandrasharma,Chandrakant Sharma,INDIA(BHARAT),23,250,2,1,1,1
vivekp,Vivek Prakash,"Bangalore, India",19,249,57,320,1,1
mathesh-me,Mathesh,India,50,249,349,568,0,0
sudharsanan123,SUDHARSANAN S R,"sathyamangalam,Tamil Nadu, India",37,249,694,11,1,7
parnexcodes,Paranjay Singh,India,49,249,815,320,0,0
mayurisamanta,Mayuri Samanta,"Navsari, Gujarat, India",23,248,85,31,1,3
imsukhdevhansda,Sukhdev Hansda,"Dhanbad, Jharkhand, India.",21,248,20,4,1,5
mohd-zubair29,Mohd Zubair,india,15,247,7,0,0,0
m14r41,Madhurendra kumar,India,20,247,1833,421,1,3
mvkaran,MV Karan,"Bengaluru, India",32,246,51,47,0,0
RohitVerma882,Rohit Verma,"India, Bihar",13,246,808,143,0,0
shovanch,Shovan Chatterjee,"Kolkata, India",24,246,3512,632,1,7
saurabhpawar1997,Saurabh Pawar,"Pune, Maharashtra (India)",14,246,30,1,1,2
AaravJain626,Aarav Jain ,"vidisha,Madhya Pradesh,India",13,244,16,0,1,0
arfin-parween,Arfin Parween,Bangalore India,19,244,82,42,1,0
robinrodricks,Robin Rodricks,"Mumbai, India",40,244,4788,967,0,1
Mayank0255,Mayank Aggarwal,"Gurgaon, India",40,244,748,308,1,3
pestechnology,PES University,India,29,243,6,89,1,1
imran1509,Mohammad Imran,India,49,242,173,105,1,0
vraa,Veera,"Chennai, India",30,242,549,170,1,0
AnmolTomer,Anmol Tomer,Bengaluru | India,38,241,312,119,1,6
SafwanGanz,SafwanGanz,"Kerala, India",24,241,45,22,1,1
naturalprogrammer,Sanjay Patel,India,34,241,855,317,1,1
PR0FESS0R-99,Muhammed ,kasaragod/kerala/india,21,241,541,1667,0,1
GreyTechno,MR_GT,"India,Kolkata",8,240,87,17,0,0
shreyans29,Shreyans Shrimal,India,5,240,431,442,1,0
decipher3114,decipher,India,18,240,1397,91,0,1
nilamkhose2001,Nilam Anil Khose,"Ahmednagar,Maharashtra,India",14,240,37,3,1,1
bipinkrish,Bipin,India,40,239,1118,1219,1,3
hitanshu-dhawan,Hitanshu Dhawan,"Pune, Maharashtra, India",46,239,1134,160,1,4
visheshguria,Vishesh Guria,"Fazilka, India",13,238,28,8,1,1
smahesh29,Mahesh Sawant,Mumbai India ,28,238,1258,746,0,12
prabhatpoddar,Prabhat Poddar,"Kolkata,West Bengal, India",17,238,11,1,1,1
Amisha-here,Amisha Purswani,"Ahmedabad,India",28,237,68,121,1,1
sarthology,Sarthak Sharma,India,40,237,1508,227,1,9
hackerspider1,shubham gupta,India,10,236,433,91,1,3
ishtms,Ishtmeet Singh,India,29,235,2599,158,1,0
officialcjunior,Aswin C,India,48,235,31,12,1,4
amanovishnu,MANOVISHNU ADEPU,"Hyderabad, India",36,235,354,251,1,7
chandran-jr,Govind B Chandran,"Kochi, Kerala, India.",49,234,433,98,1,5
VishalNehra,Vishal Nehra,"Bangalore, India",19,234,33,3,1,1
arunpt,W4RR10R,"Kerala, India",37,234,349,437,0,0
manav2401,Manav Darji,India,43,234,32,5,1,0
mrpandey,Avinash Pandey,"Bengaluru, India",22,234,1930,185,1,7
neogcamp,neogcamp,"Bangalore, India",21,233,816,428,1,0
CodeBySnehaSrishti,sneha srishti,India,7,233,14,0,0,0
Mahesh0253,Mahesh,India,7,232,654,1302,0,1
umangahuja1,Umang Ahuja,"Hyderabad, India",34,232,343,478,0,3
jenil97,Jenil,India,37,232,9,1,0,0
utsanjan,Utsanjan Maity,"Delhi, India",22,231,1754,169,1,4
royalpranjal,Pranjal,"Hyderabad, India",30,231,752,556,1,1
T-Stephen,T. Stephen Raj,"Student, Tamil Nadu, India",9,231,4,0,1,2
ipaul1996,Indrajit Paul,"Bangalore, India",36,231,17,2,0,1
ugly-kid-af, S A U R A V ,India,33,230,13,12,0,0
Shubhajiit,Shubhajit Basak,India,48,228,145,181,1,6
ankitgoyal0301,Ankit Goyal,"Chandigarh, India",30,228,135,70,1,3
souravcodeweb,Sourav Mandal,India,20,227,291,60,1,0
Hari-prasaanth,Hariprasaanth R,India,19,227,1131,263,0,1
ChanduDhakad,Chandra Prakash Dhaker,Rajasthan India,34,227,22,5,1,1
likecs,Bhuvnesh Jain,"Faridabad, Haryana, India",20,227,507,197,0,1
Akash1yadavv,Akash Yadav,Noida India,13,227,13,0,1,2
sarangparikh22,Sarang Parikh,India,45,227,98,44,0,1
ritesh-firodiya,Ritesh Firodiya,"Bangalore, India",7,227,5,5,1,2
Spyware007,OM GAWANDE,"Pune, Maharashtra, India",31,227,354,469,1,4
kedars,Kedar Sovani,"Pune, India",44,225,70,11,1,4
ashpande,Ashutosh Pandey,"Bengaluru, India",27,225,85,16,1,1
e11i0t4lders0n,Tushar Verma,India,20,225,727,251,1,0
rishike,rishi singh,India,19,225,3,0,0,0
shreekanthashokg-lang,Shreekanth Guttedar,India Bangalore Sattva Global Tech Park 560059,5,225,21,0,1,0
Pramodjena,Pramod Kumar Jena,"Bhubaneswar, India",42,224,188,13,1,1
MeowDump,MONA,"New Delhi, INDIA",15,223,2386,115,1,1
amalmurali47,Amal Murali,India,42,223,718,207,1,0
gokulsan,Gokul Alex,"Kollam, Kerala, India",27,223,45,9,1,2
prajjwaldimri,Prajjwal,India,45,223,1090,56,1,7
ayushkul,Ayush Kulshrestha,"Noida, India",32,223,265,230,1,13
shuveb,Shuveb Hussain,"Chennai, India",21,222,2945,395,1,0
rudrakshi99,Rudrakshi,India,43,222,131,59,1,10
PritKalariya,Prit Kalariya,India,35,222,167,37,1,1
priyanshisharma,Priyanshi Sharma,"Greater Noida, India",44,221,76,73,1,8
harshu878,Harsh Upadhayay,"Meerut, Uttar Pradesh, India",19,220,57,4,1,6
amrita-tifac-cys-btech,Amrita TIFAC-CORE: B.Tech Projects,India,7,219,10,3,1,3
PtPrashantTripathi,Pt. Prashant tripathi,India,30,219,343,148,1,15
ovaisazmi,Mohammad ovais,"New Delhi, India",26,219,15,0,1,1
Sm4rty-1,Samrat Gupta,India,22,219,296,74,1,1
chetankumarpulipati,ckmrp,India,46,218,8,0,1,3
monumarquis,Monu Yadav,"Delhi,India",33,218,29,9,1,1
H-unique245,Hemant Aher,"Mumbai, Maharashtra(India)",37,218,10,5,1,1
Rahulthhkur,Rahul Singh,INDIA,22,217,23,5,1,1
bhuvansingla,Bhuvan Singla,India,45,217,72,29,1,0
weebzone,Karan Adhikari,India,16,217,451,515,0,1
shiva-yadav-ds,Shiva yadav,Prayagraj Utter Pradesh India,42,217,42,1,1,0
chandan1506,Chandan Kumar,"New Delhi, India",33,217,16,1,1,1
socioboard,Sumit Ghosh,"Bengaluru, India",7,216,1786,577,1,0
samroodali,Samrood Ali,India,41,216,82,4,1,4
PrantoshB,Prantosh Biswas,India,24,216,87,0,1,5
A-Hore,Arjun Hore,"Pune ,India",18,216,20,0,1,1
JobinBiju,Jobin Biju,"Kerala, India",49,215,360,123,1,6
HimanshiKhattri,Himanshi Khattri,INDIA,9,215,16,0,0,1
svijaym,S Vijayaprasad,"Karnataka,India",44,215,16,5,1,3
Ansheel9,Ansheel Banthia,"Mumbai, India",37,214,23,8,1,2
SimranMakhija7,Simran Makhija,"Indore,India",41,214,13,8,0,9
sroycho4,Sujata R,India,47,214,456,24,0,0
VarunS2002,Varun Shanbhag,"Mumbai, India",32,214,1537,359,0,1
prasathmani,Prasath Mani,"Bangalore, India",22,214,5940,1842,1,2
mrpkdeveloper,Prateek Bansal,delhi india,48,214,906,299,1,11
SaurabhPagrut,Saurabh Pagrut,"Bangalore, Karnataka, India",19,213,33,5,1,1
sibidharan,Sibidharan,"Bangalore, India",28,213,59,15,1,0
akshaypatel80,Akshay_Patel,"Bhavnagar, Gujarat, India",13,213,12,1,1,1
Amit0417,AMIT KUMAR MAHOUR,India,24,212,51,2,0,7
gShubham7,Shubham Gaikwad,"Pune, India",41,212,38,11,1,1
abinavseelan,Abinav Seelan,"Bangalore, India",33,212,158,60,1,3
shekhar74,shekhar suman,"Deoghar, Jharkhand, India",12,212,3,0,1,1
vsnthdev,Vasanth Srivatsa,"Mysuru, India",28,211,54,14,1,2
amand33p,Amandeep Singh,India,10,211,803,239,1,1
Shahid-cs22,MOHD_SHAHID,"Nagercoil, India ",49,211,86,2,1,1
sugithGit,Sugith K,India,46,211,59,11,1,3
bhavyakrishna001,Bhavya Krishna ,India ,22,211,6,2,0,0
sudhanshu27,Sudhanshu Pal,India,36,211,13,1,0,8
vineetchoudhary,Vineet Choudhary,India,26,210,1261,197,1,3
GrowwOld,Groww Deprecated,India,43,210,115,68,1,4
Aman-Mandal,Aman Mandal,"Mumbai , India",11,209,87,99,0,0
gcnit,Gaurav Chandak,"Bangalore, India",44,208,40,16,1,2
inpyjama,inpyjama,India,18,208,122,166,1,5
sarveshgupta1997,Sarvesh Gupta,"Faridabad, Haryana, India.",38,208,19,2,1,11
shoaibrayeen,Shoaib Rayeen,"New Delhi , India",34,208,344,491,1,4
irohandev,Rohan Dev Singh,"India, 713148",26,208,894,200,1,0
Kajol-Kumari,kajol,India,44,208,29,39,1,4
atalkrpandey,Atal Kumar Pandey,"Ayodhya, UP, India",15,208,26,5,1,1
stream-pi,Stream-Pi,India,9,207,613,98,1,2
technicaldada,Technical Dada,India,30,207,389,103,1,0
arunponnusamy,Arun Ponnusamy,"Tamil Nadu, India",19,207,1408,576,1,5
singhal-amit,Amit Singhal,"Delhi, India",15,207,41,1,0,9
TheDudeThatCode,Shubhamdeep Jha,India,29,207,152,218,1,1
anuja-joshi,Anuja Joshi,"Pune, India.",48,206,25,2,0,3
pyjamacafe,Pyjama Cafe!,India,27,206,210,318,1,2
Ashishcxz,Ashish  Shinde,India ,21,206,23,1,1,0
adityasuman10,Aditya Suman ,"Bengaluru , India",39,206,33,4,1,6
ankitkataria,Ankit Kataria,"Roorkee, India",31,206,90,18,1,1
ParinVachhani,Parin,India,18,205,30,3,1,1
vkbansal,Vivek Kumar Bansal,"Bengaluru, India",29,205,1588,408,1,9
abhishek1494k,Abhishek ,"Faridabad, Haryana, India",21,205,14,5,1,1
rajveeerr,Rajveer Singh,"New Delhi, India",36,205,85,25,0,1
jitendra-webkul,Jitendra Singh,"Noida, India",23,205,26,2,1,0
hiten-codes,Hiten Lulla,"Mumbai, India",5,205,314,28,0,0
Lavz-8,Lavanya Varadharajan,India,15,204,53,1,1,1
KanakamSasikalyan,Sasi Kalyan,India,12,204,2,2,0,1
lordarcadius,Vipul Jha,India,33,204,237,89,1,0
flabbergastedbd,Bharadwaj Machiraju,"Bangalore, India",28,204,197,42,1,2
shubhojeet1,Shubhojeet Chatterjee,"Bokaro Steel City, Jharkhand , India",41,204,18,4,1,2
aaryansinha16,Aaryan Sinha,"Ahmedabad, Gujarat, India",35,203,78,16,1,1
01-akm,ADARSH KUMAR MISHRA,India,7,203,4,0,1,2
AnimeshSinha1309,Animesh Sinha,"Ranchi, Jharkhand, India",50,203,64,9,1,3
arkodyuti,Arkodyuti Saha,India,21,203,41,62,0,4
11-DEEPAK-KUMAR-11,DEEPAK KUMAR,Haridwar | Uttarakhand | India,24,203,19,7,1,1
SreejanPersonal,Sreejan,India,19,203,795,169,1,0
victorkvarghese,Victor K Varghese,"Kerala, India",28,203,1658,530,1,0
YBI-Foundation,Dr. Alok Yadav,"Delhi, India",9,203,162,82,1,1
iKislay,Kislay,india,34,203,188,29,1,0
palakbhawsar98,Palak Bhawsar,India,30,202,246,380,1,0
kabirjaipal,Kabir Jaipal,India,6,202,403,428,1,0
CodeWithSwastik,Swas.py,"Delhi, India",43,202,591,172,1,3
RIYAS11,Riyas S,"Kollam, Kerala, India",18,201,7,0,1,1
priyanka-kasture,Priyanka Kasture,"Pune, Maharashtra, India",9,201,90,45,0,0
pinkeshdarji,Pinkesh Darji,INDIA,50,201,1046,230,1,1
priyanshu2015,Priyanshu Gupta,India,44,200,172,159,1,2
kishan-ghetiya,Kishan Ghetiya,"Ahmedabad, India",16,200,17,7,1,1
nagarajpandith,hashclan102,"Karnataka, India",29,200,127,36,1,1
Ritika-Agrawal811,Ritika Agrawal,India,31,200,220,24,1,3
ansifi,Ansif,"Kochi, Kerala, India",27,200,10,2,1,0
antrixsh,Antrixsh Gupta,India,46,200,48,45,1,0
Biman721443,Biman,"West Bengal,India",49,200,2,0,1,5
nikkothari22,Nikhil Kothari,"Mumbai, India",25,199,38,3,0,0
Nitish-Bakshi-1,NITISH BAKSHI,india,26,199,42,0,0,0
Sadanand012,Sadanand,India,15,199,8,5,0,1
sripathikrishnan,Sripathi Krishnan,"Bangalore, India",27,199,6071,850,0,4
aasimsyed97,Aasim Syed,"Gurugram, Haryana, India",21,199,13,6,1,1
Sharad24,Sharad Chitlangia,"Goa, India",46,198,388,94,1,8
tilakpatel22,Tilak Patel,"Ahmedabad, Gujarat, India",26,198,34,3,0,1
sanskaarsingh,Sanskaar Singh,India,20,198,7,0,0,5
prosonjit2006,Prosonjit Datta,India,32,198,30,0,0,19
krayin,Krayin CRM,India,16,197,22679,1646,1,2
goswami-rahul,Rahul Goswami,India,22,197,57,39,0,3
akshayaurora,Akshay Arora,India,34,197,12,1,0,2
Hafeed10,CΩDΣ PRΩGRΔMΣ,India,23,197,1,0,1,0
vraravam,Vijay Aravamudhan,"Chennai, India",34,196,115,78,0,1
starry-shivam,Stɑrry Shivɑm,India,26,196,83,8,1,2
yashrajbothra,Yash Raj Bothra,"Bengaluru, India",31,196,43,72,0,2
sumitkolhe,Sumit Kolhe,"India, Pune",21,195,665,434,0,2
vipinsainitech,Vipin Saini,India,22,195,53,18,1,0
yahu-baba,YAHUBABA,India,12,195,27,14,1,0
osintambition,OSINT Ambition,India,5,195,2217,248,1,2
yashrajkakkad,Yashraj Kakkad,"Hyderabad, India",36,194,58,42,1,0
abdus,Abdus,India,47,194,44,14,1,11
opticod,Anupam Das,India,23,193,69,57,1,1
rajarshimaitra,Raj,India,46,193,135,14,1,0
0xN1nja,Abhimanyu Sharma,India,31,193,324,12,1,0
SathishGajendran,Sathish Gajendran,India,42,193,40,2,1,7
adityaathalye,Aditya Athalye,India,25,193,497,70,1,1
cmcodes1,C M Pandey,"Bengaluru, Karnataka, India",27,193,185,164,1,1
nikhar-savaliya,Nikhar Savaliya,india,31,192,8,2,1,0
abhi8427,Abhishek Kumar,India,9,192,6,0,0,0
0xRajkumar,Rajkumar,India,28,192,399,50,1,0
Megha-Pathak,Megha Pathak,"Jaipur, Rajasthan, India",50,191,28,6,0,1
legendsayantan,Sayantan Paul,"West Bengal, India",41,191,3089,107,1,6
helmerapp,Helmer,India,12,191,74,15,1,0
chiragsamal,Chirag Samal,"Bangalore, India",26,191,268,113,1,1
colin-scott,Colin Scott,"Bangalore, India",35,191,2190,482,1,7
mindninjaX,Rishabh Singh,"Mumbai, India",38,190,209,140,1,1
RohitDhatrak,Rohit Dhatrak,"Mumbai, India",21,190,162,23,1,0
harsh98trivedi,Harsh Trivedi,"Kanpur, India",44,190,502,395,1,23
samebchase,Samuel Chase,"Pune, India",20,190,50,11,1,0
h4r5h1t,Harshit Raj Singh,India,25,190,1319,211,1,0
anmolksachan,Anmol K Sachan,India,48,190,1725,296,1,2
MRVIVEK-CODER,Vivek Chandel,India,39,190,41,25,1,1
pratikg29,Pratik Gadhesariya,India,33,190,964,56,1,3
jmsingh6871,Jagmohan Singh,India,43,189,4,19,1,2
gdsclpu,Google Developer Student Club - LPU,"Lovely Professional University, Jalandhar, Punjab, India",23,189,42,160,1,0
dev-Imsaurabh,Saurabh Kumar,"Varanasi, India",49,189,50,16,1,8
Chaintech-Network,Chaintech Network,India,28,189,2486,203,0,0
divithraju,AI & Data Engineer,India,48,189,60,2,1,0
deepraj1729,Deepraj Baidya,"Bangalore, India",22,189,201,30,1,5
kaal-coder,Kaushik Lakhani,"Odisha, India",22,189,191,513,0,6
iamimmanuelraj,Immanuel Raj,India,36,188,31,14,1,3
ninja-mono1696,Monojit Mondal,"West Bengal, India",23,188,22,2,1,1
Sneha052022,Sneha,"Delhi, India",24,188,7,3,1,3
aayushdhote,Aayush Dhote,"Indore, India",16,188,53,0,0,0
SamPandey001,TheSpeedY,Sultanpur Uttar Pradesh India ,13,188,626,4889,0,0
priyanshu2014204,Priyanshu,"Delhi,India",43,188,59,4,1,2
Dhaval2404,Dhaval Patel,"Vadodara, India",40,188,2016,428,0,1
Open-Dev-Society,Open Dev Society,India,11,188,11588,1603,1,0
aman0456,Aman Bansal,"Mumbai, India",15,188,26,8,1,1
TheSuranaverse,Subham Surana,"Mumbai, India",46,188,259,108,1,1
Open-Source-Chandigarh,Open Source Chandigarh,India,48,187,221,407,1,7
AnudeepKK,Anudeep K K,"Mangalore, Karnataka, India",32,187,5,5,0,0
sagaragarwal94,Sagar Chand Agarwal,India,24,187,194,199,1,1
shirshadip,shirshadip,india,23,187,2,0,1,7
R3x,Siddharth M,India,40,187,667,90,1,2
pavanpagan,pavan_pagan,"India,karnataka,Manglore",14,187,32,15,0,0
realabbas,Ali Abbas,India,42,187,2336,458,0,7
tuxdotrs,tux,India,12,186,221,9,1,0
gauravk95,Gaurav Kumar,"Bangalore, India",27,186,2774,380,1,0
Priyanshu-CODERX,Priyanshu Bhattacharjee,India,22,186,128,31,1,0
vedang12legend-hue,vedang lord coder,"Kharagpur , INDIA",22,186,42,2,0,1
ksdiwe,Komal Diwe,India,33,186,124,47,1,1
abhijitkane,Abhijit Kane,"Bangalore, India",35,185,12,9,1,3
dheeraj21,Dheeraj Kukreja,"Indore, India",9,185,7,0,0,0
nather2014,Akhilnath,India,16,185,2,0,0,0
Shinyzenith,Aakash Sen Sharma,India,35,185,118,12,1,3
caciitg,"Consulting & Analytics Club, IIT Guwahati",India,21,185,43,28,1,3
freeautomationlearning,Chirag Singh,India,14,185,106,134,1,1
avpatel,Anup Patel,"Bangalore, India",22,185,137,78,1,1
Shashank-In,Shashank,India,27,184,155,51,1,6
naz664,Nazim N,India,45,184,577,99,1,1
gkdevops,Goutham Kumar,"Hyderabad, India",13,184,74,475,0,0
aayushchouhan24,Aayush Chouhan,India ,48,184,26,8,0,1
HackerNowful,Hacker Nowful,India,22,184,144,10,1,1
vibalijoshi,Vibali Joshi,"Kolkata, India",22,183,475,85,1,3
faizmalkani,Faiz Malkani,"Bombay, India",13,183,804,264,1,4
janakigouda,Janaki Kangalgouda,"Banglore, India",35,183,65,2,1,12
deepjyoti30,Deepjyoti Barman,India,34,183,6054,382,1,0
deepakxramani,Deepak Ramani,"Gurugram, Haryana, India",34,183,34,0,1,6
priyazsh,Priyansh Prajapat ,"Madhya Pradesh, India",19,182,224,611,1,3
Shreya-trivedi-20,Shreya Trivedi,Raipur India,25,182,38,3,1,0
U1000000000000,Ujjval Agarwal,India,15,182,7,2,0,0
ankitatra,Ankita Thakur,"Mandi,Himachal Pradesh,India",49,182,36,4,1,1
San1ay,Sanjay,India,16,182,8,0,1,0
Bauddhik-Geeks,Bauddhik-Geeks,India,33,182,154,269,1,9
VivekJawale,Vivek Jawale,"Buldhana,Maharashtra,India",45,181,32,7,1,0
LocalMiner,LocalMiner,India,9,181,45,5,1,1
adityadomle,Aditya Domle,"Nagpur, India ",35,181,50,85,1,7
rishabhpoddar,Rishabh Poddar,"Mumbai, India",44,181,24,3,1,0
Clueless-Community,Clueless,India,11,180,1097,1333,1,1
mtouseeb0008,MD TOUSEEB,India,28,180,18,2,0,0
IAmUnbounded,Unbounded,India,50,180,484,108,0,5
vkWeb,Vivek Agrawal,"Raipur, India",44,180,35,23,1,10
sundardsTechMind,Sundar Rajagopal,"Pune,India",47,180,82,42,1,0
amri-tah,Amritha Nandini K L,"Coimbatore, India",29,180,39,33,0,3
sarfraj0304,Sarfraj Ahmad Raza,"New Delhi, India",25,180,12,1,1,3
Pargat-Dhanjal,Pargat Singh Dhanjal,"Mumbai, India",32,180,74,18,1,12
abhinavguptas,Abhinav Gupta,"Jaipur, India",27,180,237,128,1,0
IamRiddhi,Riddhi Dutta,"Kolkata, India",26,180,67,29,1,0
g147,Ayush Singh,India,44,179,46,3,1,2
Nawaz2000,Md. Nawaz Rahaman,India,23,178,67,8,1,1
wajahat-ali-mir-dev,Wajahat Ali Mir,uk mx ksa drc cog togo cuba peru  pk mali oman usa rsa rok uae mk cod macau laos iraq qatar gabon kosovo haiti benin syria chile niger yemen ghana nepal sudan kenya japan china india egypt italy spain france russia ukraine germany norway sweden finland,30,178,41,1,1,3
LokeshVyavhare,Lokesh Vyavhare,"Yavatmal, Maharashtra, India",10,178,17,8,1,0
AYUSH-PANDEY023,Ayush Pandey,Bihar India ,25,178,390,4066,1,6
mayank091193,Mayank Patel,"Pune, India",13,178,900,304,1,0
cjchirag7,Chirag Jain,"Bengaluru, Karnataka, India",49,178,188,91,1,7
sarwansingh,Sarwan Singh,"chandigarh, India",17,178,42,60,1,3
SanchithHegde,Sanchith Hegde,"Bengaluru, India",17,178,21,9,0,1
satinder147,Satinder Singh,"Bengaluru, India",44,177,614,190,1,3
prayagp8,Prayag Patel,"Madhya Pradesh, India",25,177,43,16,1,7
abhinav110695,Abhinav.,"New Delhi, INDIA",11,177,17,3,1,2
niths09,Nithu Lakshmi,India,20,177,14,0,1,0
Developers-India-360,Developers India,India,39,177,64,5,1,10
Abhey,Abhey Rana,"Hyderabad, India",30,177,35,33,1,12
avinashn,Avinash Nethala,India,49,177,430,426,1,1
intentjs,Intent,India,9,177,894,67,1,0
SneakySensei,Snehil Kumar,"Bengaluru, Karnataka, India",50,176,106,26,1,4
QuantInsti,QuantInsti,"Mumbai, India",30,176,376,230,1,0
abhishek11125,Abhishek kagale,"Maharashtra,India",17,176,16,2,1,1
IAmRiteshKoushik,Ritesh Koushik,"Bengaluru, India",48,176,18,20,0,0
tush-tr,Tushar Rajpoot,"Bengaluru, Karnataka, India",49,176,74,27,1,11
kritika-srivastava,Kritika Srivastava,India,49,176,82,65,0,7
ManojSatishkumar,Manoj Satishkumar,"Bangalore, India",12,175,13,8,1,4
khadsepranay,Pranay Dnyaneshwar Khadse,"Wardha, Maharashtra, India.",21,175,18,7,1,1
Sharvin26,Sharvin Shah,India,31,175,317,154,1,0
Drishty06,Drishty Ganatra,"Ahmedabad, Gujarat, India",20,174,39,22,0,2
devarshishimpi,Devarshi Shimpi,"Mumbai, India",38,174,238,51,1,0
piedcipher,Tirth,India,40,174,344,78,1,7
im-dipanshu,Dipanshu Singh ,India,11,174,20,2,0,2
kartikcho,Kartik Choudhary,India ,40,174,202,32,0,8
Shiv0087,SHIV,india,25,174,53,3,0,4
NITHISHM2410,M Nithish,"Chennai, India",12,174,39,2,1,0
VishnuSivadasVS,Vishnu Sivadas,"India, Kerala",19,173,296,149,1,2
rahulb18,Rahul Badade,"Pune, India",28,173,9,1,1,1
Gautam-J,Gautam J,"Pune, India",42,173,618,140,1,1
sumitraghavwork,Sumit Raghav,"Gurgaon, Haryana, India",22,173,24,5,1,7
Rishabh04-02,Rishabh,India,18,173,306,127,1,2
rishabh2298,Rishabh Mishra,"New Delhi, India",19,173,5,3,1,1
Xplo8E,vinaykumar🍁,India,40,173,52,135,0,2
mulaRahul,Rahul Mula,India,14,173,9340,351,0,3
devkodeio,Devkode.io,India,5,172,2564,599,1,0
divyanshuio,D󠁩ivyanshu Singh,India 🇮🇳,21,172,30,2,0,1
MonalikaPatnaik,Monalika Patnaik,"New Delhi, India",46,172,102,247,0,6
Madhukesh06,Madhukesh Kumar Thakur,"Bhopal ,India",28,172,12,1,1,1
PradyumnaKrishna,Pradyumna Krishna,India,37,172,1028,998,1,4
hardikSinghBehl,Hardik Singh Behl,"New Delhi, India",39,172,580,226,0,0
kunaljain0212,Kunal Jain,India,45,172,49,35,0,3
nitinmehra09,Nitin Mehra ,India,28,171,7,2,1,3
vasani-arpit,Arpit Vasani,"Ahmedabad, Gujarat, India",50,171,1576,472,0,0
BhaswatiRoy,Bhaswati Roy ,"Kolkata, India",20,171,56,20,1,1
arunm-engineer,Arun M,"Chennai, India",45,171,75,87,0,11
Roshanzha,ROSHAN JHA,"Bengaluru, India",42,170,19,0,1,10
TanviManchanda,Tanvi Manchanda,India,11,170,1,0,0,0
thisisanshgupta,Ansh Gupta,India,23,169,57,4,1,1
Gurpreets11,Gurpreet Singh,"Gurugram, India",45,169,53,2,1,0
Atanu8250,Atanu Karmakar,"Bankura, West Bengal, India",35,169,35,13,1,2
devshaaran,shaaran Lakshminarayanan,India,47,169,64,28,1,1
DevilsAutumn,Bhuvnesh,India,42,169,27,29,0,1
rashmi-992,Ray,India,12,169,10,2,1,0
RadhikaGoswamiDivineCoding,Radhika Goswami,india,12,169,53,77,1,0
DOodle25,Dipen Patel,india,30,168,178,6,1,3
gargarchit,Archit,"Haryana, India",44,168,134,54,0,1
gauravdas014,Gaurav Das,"Bengaluru, India",49,168,38,5,1,1
Sanjana00,Sanjana Chakravarty,India,22,168,29,7,1,0
sapanz,Sapan Zaveri,India,24,167,546,362,1,0
princekrvert,PRINCE KUMAR ,India ,39,167,584,84,0,1
mukulsomukesh,Mukul Jatav,"Saharanpur, Uttar Pradesh, India",19,167,49,19,1,1
Durgashankar001,Durgashankar Pal,"Odisha,India",32,167,26,6,1,2
abhinavkrin,Abhinav Kumar,India,46,167,36,23,1,1
devs-in-tech,DevsInTech,India,12,167,103,112,1,5
pulkitmehndiratta,Pulkit Mehndiratta,INDIA,13,167,38,8,0,1
ShirsoBhattacharyya,Shirso Bhattacharyya,"Hooghly, West Bengal, India",41,167,19,7,1,1
ua741,Neeraj,"Bengaluru, India",34,167,54,5,0,0
ShivangKakkar,Shivang Kakkar,"Delhi, India",47,167,898,1133,1,5
ripanbaidya,Ripan Baidya,India,40,166,9,2,0,0
mindfiredigital,Mindfire,India,43,166,813,155,1,17
darshanbagade,Darshan Bagade,India,25,166,18,6,0,2
MKRhere,Muthu Kumar,"Chennai, India",32,166,70,25,1,1
98mohitkumar,Mohit Kumar,"New Delhi, India",10,166,59,15,1,0
Sukhmani-Kaur1,Sukhmani,"Haryana, India",16,166,4,6,1,1
rahulporuri,Poruri Sai Rahul,"Hyderabad, India",48,166,40,14,1,11
PranshuTople,Pranshu Tople,"Pune, India",31,165,141,32,0,1
amagimedia,Amagi Media,"Bangalore, India",31,165,49,10,1,3
yasmin1714,Yasmin devaragattu,"Delhi, India",9,165,18,0,0,3
xanthium-enterprises,xanthium enterprises,"Bengaluru (Bangalore),Karnataka,India",37,165,235,100,1,0
ankurchavda,Ankur Chavda,India,18,165,1615,297,0,1
mdali-11,Md Ali,"Kolkata,India",33,165,42,2,1,1
karthikeysaxena2507,Karthikey Saxena,India,32,164,34,6,1,1
batteringram-dev,Sriram Kumar,"Chennai, Tamil Nadu, India",32,164,8,1,0,1
priyankgada,Priyank Gada,India,41,164,730,153,1,1
deva-04,Deva Srirama Sai Ganesh B,India,19,164,9,0,0,3
ajatprabha,Ajat Prabha,India,28,164,7,4,1,2
saikatbsk,Saikat Basak,"Kolkata, India",27,164,497,155,1,1
jayskhatri,Jay Khatri,India,39,163,48,54,1,2
RakeshPotnuru,Rakesh Potnuru,India,27,163,246,96,1,0
mishra3452,Sumit Mishra,"Gurgaon, India",35,163,33,32,0,0
mbad0la,Mayank Badola,"New Delhi, India",49,163,254,23,0,2
developeranaz,DevAnaZ,"India, Kerala",47,163,1058,1389,0,18
ajaygarg786,Ajay Garg,"Faridabad , India ",12,163,0,0,0,1
pavanjadhaw,Pavan Jadhaw,"Nagpur, India",40,163,286,188,1,0
priyobratobanik,Priyobrato Banik,"Alipurduar , West Bengal , India",41,162,10,2,1,0
Therobo77,VIKASH LAL,INDIA,42,162,34,7,1,1
S4CH,Sachin,India,44,162,58,9,1,3
divyalalwani,DIVYA LALWANI,India,22,162,83,6,1,1
AviJxn,Ravi Ranjan,India,16,162,12,0,0,0
Astrosp,Astro,India,5,162,3329,425,0,2
i-m-sonu,Sonu Kumar ,"Chandigarh, India ",25,162,1,1,0,0
satwikrprabhu,Satwik Prabhu,"Nitte, India",18,162,7,41,0,1
reactivedroid,Ashwini Kumar,"Bangalore, India",8,162,428,69,1,2
CODE-Y02,Yatharth Lakhate,India,44,161,8,0,0,3
varunest,Varun,India,22,161,1702,215,1,1
meganindya,Anindya Kundu,"Kolkata, India",46,161,28,13,1,4
therealsujitk,Sujit Kumar,India,20,161,332,91,1,0
ankitmukhia,ankit,India,50,161,7,2,1,1
Thangarajtk,Thangaraj K,India,20,161,176,146,1,1
Aditya-1304,Aditya Mandal ,"Mumbai , India",45,161,131,8,1,1
codewithmukesh,codewithmukesh,India,5,160,885,261,1,0
karthikraman,Karthik Raman,"Chennai, India",31,160,121,39,1,3
talk2amareswaran,Amareswaran,"Chennai, India",50,159,281,353,1,0
vikram0411,M.vikram,"New Delhi, India",16,159,3,1,1,1
pranjal-joshi,Pranjal Joshi,India,35,159,765,275,1,2
amanvats,Aman Vats,India,46,159,17,13,1,1
PixelExtended,PixelExtended ROM,India,24,159,70,157,1,2
Saieiei,Sairudra More,"Bengaluru, India",37,159,27,2,1,3
twilight-warlock,Devansh Shah,"Mumbai, India",48,159,15,8,0,1
lostgirljourney,Falguni Sarkar,India,27,159,60,17,0,3
architv,Archit Verma,"Delhi, India",50,159,1779,262,1,6
Chetan0777,Chetan,"Delhi, India",32,159,4,4,1,2
shasankp000,Shasank Prasad,India,39,159,253,34,0,1
abhinavxd,Abhinav Raut,"Bangalore, India",28,158,2592,194,0,2
hardipsolanki22,Hardip Solanki,"Gujarat, India ",25,158,9,1,0,0
arpitkumarsahu,Arpit kumar sahu,"Burla, Odisha, India",23,158,15,1,1,1
neha-duggirala,Neha Duggirala,India,50,158,81,34,1,5
ajay-prabhakar,Ajay Prabhakar,"Bengaluru, India",29,158,1317,190,1,3
chaudharyachint08,Achint Chaudhary,"Bangalore, India",42,158,16,33,0,2
pavan-kalyan-ai,Pavan Kalyan,"Guntur, Andhra Pradesh, India",20,158,35,0,0,3
suchimaheshwari,Suchi Maheshwari,India,11,158,117,137,1,0
Ratan01,Ratan Kumar,India (Bharat),32,157,13,0,0,0
ajay9634,Ajay,"Uttarpradesh, India",7,157,512,4,1,0
v1k45,Vikas,"Mumbai, India",39,157,676,149,1,1
indic-archive,Indic Digital Archive Foundation,India,13,157,19,8,1,1
Panchajanya1999,panchajanya.,"West Bengal, India",38,157,258,191,1,1
ojasvikhurana,Ojasvi Khurana,India,38,157,30,4,0,3
SusmithKrishnan,Susmith Krishnan,india,23,157,1031,331,0,1
umeshpalai,Umesh Palai,India,31,157,221,222,0,0
mrsac7,Sachin Srivastava,"Varanasi, India",46,157,807,308,0,0
GMishx,Gaurav Mishra,"Bengaluru, India",47,157,0,3,1,4
prabhjotschugh,Prabhjot Singh,India,42,157,166,58,1,5
bitspaceorg,bitspace,India,25,157,92,0,1,0
Mehul1699,Mehul Bagga,"Delhi, India",13,156,0,0,1,0
Kiran1689,Kiran Naragund,India,44,156,510,250,1,2
iamvivekkaushik,Vivek Kaushik,India,45,156,640,412,1,2
PARTHIB-DEB,PARTHIB KUMAR DEB,India,43,156,40,10,1,0
tanaya123-comp,Tanaya Wankar,"Pune ,India",26,156,9,3,0,0
Anshul439,Anshul Wadhwa,"Jalandhar, India",40,156,37,23,0,3
rohitgeo,Rohit Singh,"New Delhi, India",18,155,74,41,1,2
ApoorvSaxena,Apoorv Saxena,India,38,155,7719,475,1,12
VisheshBansal,Vishesh Bansal,India,25,155,58,10,0,1
kiranraoboinapally,GPTContribX,"Mumbai,India",22,155,1,2,1,1
Yug2920,Yug,India,26,154,61,2,1,8
Amit0841,Amit Roy,"Howrah, WB, India",22,154,14,2,1,1
prvnbist,Praveen Bisht,"New Delhi, India",38,154,113,23,1,0
Priyadarshan2003,Priyadarshan,"Chennai, India",24,154,4,0,1,3
TheAbhijeet,Abhijeet Pal,"Kolkata, India",32,153,449,197,1,0
Shriharsh-Deshmukh,Shriharsh,India,11,153,35,7,0,1
android-knowledge,Android Knowledge,India,6,153,43,37,1,0
Sharmacs8853,Jitendra sharma,"Unnao, India",37,153,14,1,1,2
ankitapuri,Ankita Puri,"Punjab, India",35,153,184,233,1,6
adminazhar,Azhar Khan,"Bangalore, India",38,153,193,78,1,0
hr927,Himanshu Rana,"Delhi, India",33,152,23,8,1,3
omkreddy,Manikumar Reddy,India,40,152,145,137,0,0
pointblank-club,Point Blank,India,26,152,646,169,1,0
Rohit544,Rohit ojha,"Jaipur,Rajasthan India ",46,152,3,0,1,0
Raj-Mandloii,Raj Mandloi,India,50,152,5,11,0,1
pranotosh2,Pranotosh Mandal,India,23,152,1,0,0,0
mgks,Ghazi,India,32,152,1157,461,1,9
SnShine,Surya Cheedella,"Bangalore, India",25,152,80,40,1,0
abhijeet3922,Abhijeet Kumar,"Bangalore, India",31,152,642,354,1,0
amanverasia,Aman Verasia,"Ahmedabad, India",35,152,142,24,1,1
hashiraio,Hashira,India,15,152,109,31,1,1
rachitsharma300,Rachit sharma,"India,",31,152,85,6,1,1
vipinbrd,vipin barode,"Bhopal, India",48,151,8,1,0,1
abheesht17,Abheesht,"Bangalore, India",36,151,40,8,0,1
jigna16,Jyoti kumari,"Delhi, India",14,151,9,0,1,2
temanisparsh,Sparsh Temani,"Bangalore, India",11,151,18,3,0,1
imbmali,Bhavesh Mali,"Bengaluru, India",27,151,37,37,0,0
shiv07tiwari,Shivansh Tiwari,"Bangalore, India",40,151,21,13,1,0
keizerworks,KeizerWorks,India,5,151,66,41,1,0
imabhishekkumar,Abhishek Kumar,"Bangalore, India",34,150,32,20,0,1
SohamBirenKatlariwala,Soham Biren Katlariwala,India,10,150,3,1,0,0
Thiru-cse,Thiru,"Chennai, India",31,150,5,10,0,0
a2tm7a,Amit Manchanda,"Bengaluru, India",49,150,155,36,0,1
rubynarwal,Ruby Narwal,"Haryana,India",12,150,16,1,1,1
stavkv,Vik,India/Bharat,9,150,25,2,1,3
0xvashishth,Vashishth Patel,"Ahmedabad ,Gujarat (India)",35,150,239,179,1,3
vikrantnegi,Vikrant Negi,India,50,150,1000,376,0,2
pvsmounish,Mounish Sai,"Bangalore, India",17,150,29,15,1,0
cpvariyani,CP Variyani,India,44,149,184,290,1,2
Manavalan2517,Manavalan,India,25,149,44,12,0,0
Hitansh-Thakur,Hitansh Thakur,India,22,149,38,2,0,1
Akshen22,Akshen,India,27,149,27,3,0,0
logeshpaul,Logesh Paul,"Bangalore, India",26,149,1527,281,1,7
anishshobithps,Anish Shobith P S,"India, Mangalore",22,149,55,13,1,1
r3curs1v3-pr0xy,Bipul Jaiswal,"UttarPradesh, India",34,149,1069,241,1,0
umair9747,Umair,India,33,149,490,89,1,1
samiranghosh04,Samiran Ghosh,"Bagdogra, West Bengal, India",35,149,68,2,0,4
priyanshu1120,Priyanshu Kaushik,"Bangalore,India",21,149,15,9,1,2
pankajdasbhaya005,PANKAJ DASBHAYA,india,13,149,2,0,0,1
jaygajera17,Jay Gajera,"Pune,India",26,149,1120,1178,1,8
Phoenixcoder-6,Ankita Ghosh,India,39,149,3,1,0,0
papercodeIN,Fusion Automate,India,39,149,66,44,1,0
askitlouder,Askitloud,India,6,149,117,98,1,0
thekirankumar,Kiran Kumar,"Bangalore, India",19,149,389,120,1,2
AKASHCS50,AKASH SHARMA,India,17,149,32,8,1,3
kiranreddyrebel,U. Kiranvas Reddy,India,16,149,188,37,1,1
ravirana75036,Ravindra Kumar,New Delhi India,23,149,8,0,1,1
bansalharshit,Harshit Bansal,"Hyderabad, India",29,148,23,7,0,1
vishaltelangre,Vishal Telangre,"Maharashtra, India",31,148,1074,93,1,1
hiarun02,Arun,india,32,148,30,6,1,1
ableksaju,Able k Saju,"Kerala, India",34,148,40,0,0,4
webtunings,Praveen Kumar,"Bangalore, India",15,148,109,91,1,0
uvdesk,Uvdesk ,India,29,148,18955,886,1,1
iAkashPattnaik,Akash Pattnaik,India,43,148,265,166,1,5
gitcuber369,Arpit Chaudhary ,"Noida, India ",36,148,23,3,0,1
Ajay11125,Ajay Kumar Yadav,"Delhi,India",20,148,6,2,1,1
magneto261290,Dev Singh Rajput (Magneto),"Kanth, Uttar Pradesh, India",15,147,55,116,0,0
YogeshDharya,YogeshDharya,India,45,147,33,1,0,0
TROUBLE-1,Raunak,India,11,147,836,152,0,2
Simrax-0,Simran Gouri,india,14,146,13,0,0,0
abhinav7373,abhinav,india,10,146,9,1,0,0
akash-singha-3558,Akash Singha,"Bengaluru, Karnataka, India",24,146,5,0,0,6
hemakshis,Hemakshi Sachdev,India,37,146,364,262,1,3
osmus,OpenStreetMap US,United States,22,82,202,56,1,4
bandofpv,Andrew Bernas,"California, United States",12,45,173,54,1,1
unitedstates,@unitedstates,The United States,40,530,6450,1517,1,14
StateSpeed-Solutions,StateSpeed Solutions,United States of America,18,2,3,6,1,1
jenonymous-dev,Jen DeGrazia,United States,23,6,4,1,1,3
szaccagni,Sarah Zaccagni,"New York, United States",26,29,2,1,1,3
Restuccia-Group,"MENTIS Laboratory - Northeastern University, United States",United States of America,30,13,5,3,1,0
owais142002,Owais Ahmed,United States,16,13,0,0,1,1
PrinceBunBun981,Nick,United States,26,15,12,9,1,1
RupanPrasai,Rupan Prasai,United States,11,27,5,0,1,0
ushmm,United States Holocaust Memorial Museum,United States of America,8,6,0,1,1,2
pg-us,United States PostgreSQL Association,United States of America,7,7,6,12,1,0
MSF-USA,Médecins Sans Frontières United States,United States of America,6,6,2,2,1,0
US-GOV,United States of America,United States of America,6,5,5,4,1,0
onurkck34,Onur Koçak,United States,17,3,4,0,0,0
jacob-armiger,Jacob,United States,12,6,7,0,1,0
morihagi,Misa_Hagi,"Seattle, Washington, United States",18,17,1,0,0,0
PSMFC-Streamnet-RMPC,Pacific States Marine Fisheries - Streamnet - RMPC,United States of America,6,9,2,0,0,1
Michael-A-Kuykendall,Mike Kuykendall,United States,29,151,5543,532,1,0
arolan,Rolan Marat,United States,17,17,5,1,1,1
kanechew,Kane Chew,United States,14,38,81,36,1,0
abhayarora23UNT,Abhay Arora,United States,16,4,2,4,1,1
MSDLLCpapers,MSD  Inventing for Life,United States of America,48,46,335,92,1,6
hyde-mary,Hydemary,United States,10,15,7,1,1,0
rosalgie,Samuel Olagunju,United States,35,11,18,11,1,9
PongoEngine,Jeremy Meltingtallow,"Washington, United States",22,22,117,11,0,3
GDSC-FSC,GDG On Campus | Farmingdale State College,United States of America,26,16,14,0,0,1
prxtxks,Pratik Chaudhari,"Cincinnati, United States",39,4,2,0,0,1
LearnToBeFoundation,Learn To Be,United States of America,19,7,0,1,1,1
IVAO-US,IVAO US,United States of America,6,4,10,5,1,0
Jiashu-Hu,Jiashu Hu,United States,21,4,0,0,0,0
lukeawyatt,Luke Wyatt,"Greater Atlanta, Georgia, United States",6,14,12,2,0,0
AJAYPUNIA,AJAY PUNIA,"New Jersey , United States of America",24,4,4,0,1,0
repmyblock,Rep My Block,United States,17,5,2,4,1,0
cortezcodes,Cortez McCrary,United States,20,4,0,0,1,0
LolZyfurr,Zyfurr,"United States, Arizona",8,8,6,2,1,1
duelist311,KMS Pico,KMSPico: Effortless Windows and Office activation without keys - Office in United States,24,2,1,0,0,0
meghanah1,Meghana H,"New York, United States",5,2,0,0,0,0
klasmalabs,Klasma Labs,United States of America,6,6,0,0,1,0
srinivasaraopotnuru,Srinivasa Rao Potnuru,United States of Amerida,13,3,0,0,1,1
Anksss3d,Ankur Yadav,"Dallas, TX, United States",21,3,1,1,1,1
himgupta1996,Himanshu Gupta,"Amherst, Massachusetts, United States",19,5,11,8,0,1
sagarsp123,Sagar Prabhu,United States,42,3,1,4,0,2
ET-Toolbox,ET Toolbox,United States of America,8,5,10,13,0,0
mattreusswig,Matthew Reusswig,United States,15,3,0,0,1,1
crsmwc29fj-pixel,Jenn,United States,29,1,9,0,0,0
RGBsec,RGBsec,United States,5,3,9,5,1,2
Hardik86,Hardik Hariyani,United States,41,2,0,1,0,9
WRCE-TSD,WRCE TSD,United States of America,28,2,5,2,1,0
skyleringber,Skyler Ingber,United States,12,6,0,1,1,1
arfan1994,Arfan Arshad,"Stillwater, United States",7,4,1,0,1,0
Hamptonix,Eli,United States,12,3,10,1,1,2
BathinaBhanukowshik,BHANUKOWSHIK BATHINA,UNITED STATES OF AMERICA,13,1,1,0,0,0
ArtifexYT,Damian,United States,18,5,4,3,1,1
Real-Meet,Brown Julie,United States,8,1,0,0,1,7
Columbia-Cloudworks-LLC,Columbia Cloudworks,United States of America,9,2,1,0,1,0
neburafamily,Kiriative,United State,16,1,0,0,0,13
AshwathsGIT,Ashwath Sridhar,"Texas, United States",11,0,0,0,0,1
SL170031408,Dhiraj Vullanki,"New York, United States",11,2,0,0,0,0
SmileySmacks,Zachary Harrell,United States,6,2,0,0,0,1
socialdemure,Social Demure,United States,15,1,0,0,1,0
WilliamGerlach, William Gerlach,United States of America,5,2,1,0,1,0
ConHNation,Connor Hayden,United States,13,1,1,0,1,3
OmneBonum,Dahlia Hart,United States,6,2,0,0,1,2
NationalAcademies,National Academy of Sciences,United States of America,6,2,2,3,1,0
avijani,Avi Jani,United States of America,10,1,1,0,1,1
Amy23m,Ayomide Oshilaja,United States,15,1,0,0,0,6
JessicaSinghSyal,Jessica Singh Syal,United States Of America,16,1,3,0,0,0
SameThing-AI,SameThing.AI,United States of America,5,2,1,0,1,1
pencil-li,Pencil,United States of America,15,0,7,0,1,0
Benji2272,Benjamin Igweze,United States ,7,1,0,1,0,0
angelinagovada,Kundana Angelina Govada,United States,12,0,0,0,1,1
ChipLitFire,Chip Hill,United States ,15,0,0,1,1,4
Retail-Forever,Retail Forever,United States of America,5,0,0,0,1,1
Emmanuel820-2,Grandas-Recycling,"860-890 North Main St Manteca, CA, 95336 United States ",9,1,0,0,1,0
karlamedin551-byte,Karla Medina,Reno NV. United States ,6,1,0,0,0,0
gabeyb,Gabe,United States,5,0,0,0,0,1
viditmeghwal,Vidit Meghwal,"New York, United States",6,0,0,0,1,0
greenvilleassociates,Greenville Associates Consulting,United States - Regional Consultancy,7,1,1,1,1,1
Hassanjatoi,Hassan Jatoi ,united states,5,1,0,0,1,4
slayerinc,SlayerInc,United States,7,1,3,4,0,0
Rpmaker869,william scott,"1007 Frederick Rd Ste 3, Catonsville, MD 21228, United States",8,0,0,0,1,0
AVSOPSOrg,AVSOPS,United States,5,0,0,0,1,0
AVSOPS,American Veterans Service Organizations & Patriotic Societies,United States of America,5,1,0,0,1,0
VATSIM-UK,VATSIM United Kingdom,United Kingdom,24,48,209,353,1,3
callum411,Callum,United Kingdom,9,40,45,15,1,0
stan8900,Stan Jurabekov,"London, United Kingdom",24,33,6,1,1,3
Charlie-Hill,Charlie,"Bedfordshire, United Kingdom",34,21,91,12,1,0
da-rth,Daniel A,"Scotland, United Kingdom",16,36,1600,81,0,1
deanhoperobertson,Dean Hope Robertson,"London, United Kingdom",19,15,4,2,0,0
kingdomvision,KingdomVision,"London, United Kingdom",13,5,0,0,1,0
adtennant,Alex Tennant,"Bristol, United Kingdom",25,26,114,22,0,0
JustCabbage,양배추,"London, United Kingdom",9,48,14,1,1,0
hasansust32,S M Mahamudul Hasan,"London, United Kingdom",23,27,59,0,1,1
Blobanium,Blobanium,United States,50,10,41,25,0,0
ddastardly91,Aaron,United Kingdom,35,3,0,1,1,14
martinriis,Martin Riis,"Glasgow, United Kingdom",10,16,38,9,0,1
fernandopassaia,Fernando Passaia,United Kingdom,25,62,121,47,1,0
DavidHavl,David Havl,"London, United Kingdom",32,21,51,19,1,0
ToWinKallSikri,Twinkal Sikri,United Kingdom,9,4,3,0,0,0
IVAO-XU,IVAO United Kingdom and Ireland MCD,United Kingdom,9,20,23,51,1,0
reececorkhill,Reece Corkhill,United Kingdom,21,4,2,1,1,11
jsjohnstone,Jamie Johnstone,"London, United Kingdom",18,21,1,1,1,0
huangshk,Shuokang Huang,"London, United Kingdom",8,11,105,22,0,0
alexjthomson,Alex Thomson,United Kingdom,12,8,26,6,1,2
isa084,Isaar Ahmad,United Kingdom,20,9,2,0,1,2
ben-shepherd,Benjamin Shepherd,United Kingdom,10,14,0,0,1,2
HiranyaI,Hiranya Induwara,"London, United Kingdom",22,4,0,0,1,0
procheta,PROCHETA SEN,"Liverpool, United Kingdom",34,17,11,5,1,3
Sureszkumar,Suresh Kumar,United Kingdom,10,4,0,0,0,0
gihani125,Gihani Gamage,United Kingdom,11,7,0,0,0,1
Jose-Verdu-Diaz,José Verdú-Díaz,"Newcastle upon Tyne, United Kingdom",16,17,1,1,1,2
mariovas3,Mario Vasilev,"London, United Kingdom",14,8,6,0,1,1
kingdom-one,Kingdom One,United States of America,15,1,1,3,1,3
drjbarker,Joseph Barker,"Leeds, United Kingdom",23,13,11,12,1,0
CreatEDHack,CreatED - Hardware Hackathon,"Edinburgh, United Kingdom",6,6,28,19,1,4
codeforunitedkingdom,Code for United Kingdom,United Kingdom,15,2,7,0,1,0
KingdomFirst,Kingdom First Solutions,United States of America,12,1,47,40,1,0
samrook,Sam Rook,United Kingdom,24,3,0,0,1,1
massimilianotamborrino,Massimiliano Tamborrino,"Coventry, United Kingdom",5,6,6,0,1,0
HusseinBakri,Dr. Hussein Bakri,"St Andrews, United Kingdom",21,48,189,62,1,2
JamesMcNee,James McNee,United Kingdom,27,8,2,1,1,0
sandeepsinghsengar,Sandeep Singh Sengar,United Kingdom,32,6,2,0,1,2
shahidlatif126,Shahid Latif,"Bristol, United Kingdom",11,2,28,1,1,0
lanzarotedev,Vlad Madejczyk,"Chelmsford, United Kingdom",5,2,1,0,0,0
ehsannowroozi,Ehsan Nowroozi,"London, United Kingdom",19,10,25,6,1,1
devhumancode,Karolis Abramovicius,"London, United Kingdom",9,5,0,0,1,0
eathanpage,Eathan Page,"Lincoln, United Kingdom",5,3,1,1,0,0
99900999,Melan Freak,United States,23,0,0,3,0,1
Birrellc,Chris,"Newcastle, United Kingdom",27,2,2,4,1,8
chatngift,Chatngift,United Kingdom,5,2,0,0,1,0
edgeetech,EdgeeTech Software Technologies,"London, United Kingdom",12,3,10,1,1,4
WilsonLimPH,Wilson Lim,United Kingdom,5,7,0,0,1,0
Sayed-Munshi,Sayed Munshi,United kingdom ,35,0,0,0,0,25
Naosekpam,Naosekpam,United Kingdom,11,2,4,0,1,0
kingdom-technology,Kingdom Tech,United States of America,5,1,0,0,0,0
stealthwave5,Joshua Lucas,United Kingdom,6,8,0,0,1,0
Vmlweb,Vmlweb,United Kingdom,15,2,19,26,1,0
abdullah-785,Abdullah Mehmood,"Luton, England, United Kingdom ",42,2,12,0,1,0
SyedShair,Syed Shair Ali,United Kingdom,12,4,0,0,0,0
Bukka101,Stephen,United Kingdom,5,2,0,1,0,0
tomcrofty,Tom Croft,United Kingdom,11,0,0,0,1,1
IbrahimKesici,Ibrahim Kesici,United Kingdom,19,4,5,0,1,1
JamesWilson19947,James Wilson,"Bath, United Kingdom",24,3,7,3,1,2
Timmsy1998,James Timms,United Kingdom,14,5,2,1,1,0
andyboltondev,Andy Bolton,"Warwickshire, United Kingdom",8,5,8,0,1,0
Some1fromthedark,Some1fromthedark,United States,12,5,8,3,1,0
callumgarven,Callum Garven,United Kingdom,6,0,0,0,0,0
callumexe,Callum,United Kingdom,8,1,0,0,1,0
IbrarYunus,Ibrar Yunus,United Kingdom,29,1,1,1,0,0
Chimdia280,Chimdia Abara Obasi,United Kingdom,8,2,2,0,0,0
SarahE2023,Sarah Eme,United Kingdom,8,1,0,0,0,1
cosmic-horse,cosmic.horse,"Sunderland, United Kingdom",6,1,15,1,1,0
nethra8902,Nethra Viswanathan,United Kingdom,5,3,42,12,1,0
jhalakMazegeek,Md Ashikur Rahman,"London, United Kingdom",10,1,3,1,1,0
ellsandell,Elliot Sandell,United Kingdom,14,0,0,0,1,1
atharva2109,Atharva Kulkarni,United Kingdom,14,1,2,1,0,0
akindream,Ernest Braimoh,"Liverpool, United Kingdom",9,2,0,0,0,0
shrutip428,Shruti Patel,"London, United Kingdom",9,0,0,0,0,0
AnmarAl-Adly,Anmar Al-Adly,"Exeter, United Kingdom ",6,0,12,0,0,0
aaron-warner,Aaron Warner,United Kingdom,6,0,0,0,1,0
dr-maruf,Md Marufur Rahman,"Sheffield, United Kingdom",5,0,0,0,0,1
Vivek-Tate,Vivek Shravan Tate,United Kingdom,12,1,2,0,0,0
antonlethanh,antonlethanh,The United Kingdom,5,1,0,0,0,0
muhidinmo,Muhidinmo,"Sheffield, United Kingdom",5,1,0,2,0,2
Berylaann,Beryl Ann,United Kingdom,17,1,1,0,0,9
Ajany47,Olubunmi ADENEKAN,United Kingdom,13,0,0,0,0,0
MatthewT0809,Matthew (Cheuk Hei) Tam,"Cranfield, United Kingdom",10,0,0,2,0,3
Xamtasia,Xamtasia™,United Kingdom,6,0,0,0,0,0
AbdsalamUDT,Abdulsalam Al-Mayahi,"London, United Kingdom 🇬🇧",5,1,0,0,0,0
HarmonyVC,Harmony,United Kingdom,8,0,0,0,1,1
iammudassirraza,Mudassir Raza,"Norwich, United Kingdom",7,0,0,0,0,0
thellavamshi,Vamshi Thella,"London, United Kingdom",6,0,0,0,0,0
ChrisOakes,Christopher Oakes,"Yeovil, United Kingdom",6,0,0,0,1,0
Opinaldo,LegitOpinaldo Marina ,United kingdom ,5,0,1,0,1,0
tiangolo,Sebastián Ramírez,"Berlin, Germany",50,31395,16051,2892,1,0
n8n-io,n8n - Workflow Automation,Germany,42,13551,209622,68679,1,7
ChristianLempa,Christian Lempa,Germany,16,11536,16751,4114,1,2
maxschwarzmueller,Maximilian Schwarzmüller,Germany,9,8645,115,69,1,0
jasineri,Nerijus Jasinskas,Germany,16,6597,431,95,1,5
mxmnk,Jerzy,"Berlin, Germany",7,6453,550,13,0,0
joschan21,Joscha Neske,Germany,39,6201,13648,2830,0,0
sebastianruder,Sebastian Ruder,"Berlin, Germany",32,5586,23514,3757,1,3
pms67,Philip Salmony,Germany,28,5377,3837,1086,1,1
vietnh1009,Viet Nguyen,"Berlin, Germany",34,4774,15450,2296,0,0
lodhik9,Muhammad Khan Lodhi,Hamburg Germany,38,4294,266,27,0,1
spacehuhn,Stefan,Germany,22,4260,4997,1052,1,0
notthebee,Wolfgang,Germany,33,4241,5160,739,1,0
ines,Ines Montani,"Berlin, Germany",19,4034,3552,439,1,2
keyboardsurfer,Ben Weiss,"Bavaria, Germany",8,3573,4834,944,0,2
mastodon,Mastodon,Germany,49,3517,57638,9621,1,4
nlohmann,Niels Lohmann,"Berlin, Germany",45,3058,50988,7676,1,3
rmcelreath,Richard McElreath,"Leipzig, Germany",37,2857,15079,2289,1,0
LinusBorg,Thorsten Lünborg,"Mannheim, Germany",29,2580,5450,330,0,0
pepelsbey,Vadim Makeev,"Berlin, Germany",49,2468,724,322,1,5
justadudewhohacks,Vincent Mühler,"Berlin, Germany",41,2365,26410,5679,1,2
timgrossmann,Tim Großmann,"Kiel, Germany",38,2108,470,72,1,2
doitsujin,Philip Rebohle,Germany,24,2104,17728,1202,0,0
vas3k,Vasily Zubarev,"Berlin, Germany",32,2073,10223,1843,1,2
joeel561,Nicole Wolf,Germany,26,2011,202,37,1,1
alireza0,Alireza Ahmadi,"Berlin, Germany",13,2008,13430,2241,0,1
Roaa94,Roaa,"Berlin, Germany",31,2000,3180,589,0,0
colodenn,Cornelius Denninger,Germany,39,1837,70,13,1,0
poettering,Lennart Poettering,"Berlin, Germany",21,1797,514,20,1,0
MortezaBashsiz,Morteza Bashsiz,Karlsruhe - Germany,18,1782,2743,395,1,1
staudenmeir,Jonas Staudenmeir,"Munich, Germany",35,1736,9255,645,0,0
johnkil,Evgenii Shishkin,"Berlin, Germany",41,1671,4029,1076,1,11
foonathan,Jonathan Müller,"Aachen, Germany",17,1634,5759,516,1,3
localsend,LocalSend,Germany,9,1614,82703,4611,1,0
rashakil-ds,Rashedul Alam Shakil,"Erlangen, Bayern, Germany",43,1608,1630,844,1,0
Aircoookie,Christian Schwinne,Germany,33,1603,1276,328,1,4
LinusHenze,Linus Henze,Germany,12,1568,3201,669,0,1
arcticicestudio,Arctic Ice Studio,$HOME/Germany,7,1553,288,30,0,1
DeepLcom,DeepL,Germany,35,1463,2856,302,1,1
mugli,Mehdi Hasan Khan,"Berlin, Germany",39,1460,1546,238,1,1
cryptomator,Cryptomator,Germany,50,1455,17947,1898,1,6
connebrink,Clas Onnebrink,Germany,10,1426,41,2,0,0
loranYousef,Loran Yousef,Germany - Dortmund,14,1425,57,20,0,2
solegalli,Soledad Galli,"Berlin, Germany",29,1398,1367,1495,1,0
builtbyjonas,Jonas,"Rudolstadt, Germany",35,1358,90,29,1,0
davidhckh,David Heckhoff,Germany,6,1323,693,140,1,0
dmonad, Kevin Jahns,"Berlin, Germany",43,1319,1051,121,0,7
leastprivilege,Dominick Baier,Germany,30,1310,753,193,1,0
TomSchimansky,Tom Schimansky,Germany,7,1309,14337,1329,1,1
StefanHritcu,Stefan Hritcu,Cologne - Germany,41,1307,130,2,1,14
hagezi,Gerd,Germany,7,1305,23455,703,0,1
simc,Simon Choi,"Berlin, Germany",23,1269,5935,809,0,1
bytecode77,Martin Fischer,Germany,17,1190,3987,907,1,0
guipsamora,Guilherme Samora,Munich - Germany,41,1190,12860,9100,0,4
arn-c0de,arn,Germany,21,1190,265,14,0,3
Lasim,Piotr Hajdas,"Munich, Germany",12,1171,39,1,1,0
sebinside,Dr.-Ing. Sebastian Hahner,"Karlsruhe, Germany",17,1159,558,81,1,0
lukastaegert,Lukas Taegert-Atkinson,"Augsburg, Germany",45,1154,245,15,1,10
omz,Ole Zorn,"Berlin, Germany",14,1148,6904,1110,1,0
stefanesser,Stefan Esser,"Cologne, Germany",13,1139,3435,776,1,0
safe-global,Safe Labs GmbH,Germany,45,1132,2843,3036,1,5
Anteste,Iliass Alami Qammouri,Germany,25,1131,430,94,1,3
mylinuxforwork,Stephan Raabe,Germany,32,1127,6702,554,1,3
Ben-Scr,Ben,Germany,36,1123,104,1,1,0
BST-Github-Admin,Bosch Sensortec,Germany,11,1103,32,24,1,1
LilithWittmann,Lilith Wittmann,"Berlin, Germany",47,1083,268,39,1,5
libimobiledevice,libimobiledevice,Germany,13,1050,16448,4199,1,1
aleju,Alexander Jung,Germany,24,1049,19788,3471,0,0
sshaoshuai,Shaoshuai Shi,Germany,13,1048,3541,715,1,1
FelixKratz,Felix Kratz,Germany,18,1039,18789,439,0,3
vitormalencar,Vitor Alencar,Berlin Germany ,50,1029,245,43,1,4
omoghaoghenemano,Oghenemano Omogha,Germany,37,1024,92,4,0,2
janober,Jan Oberhauser,"Berlin, Germany",26,1008,42,22,0,1
NeverSinkDev,NeverSink,"Lübeck, Germany",18,1001,5417,740,0,3
Gurupreet,Gurupreet Singh,"Munich, Germany ",24,999,7785,970,0,0
mar-v-in,Marvin W,Germany,45,982,825,241,0,1
lrsjng,Lars Jung,Germany,22,965,9613,1144,1,0
rahmonov,Jakhongir,"Berlin, Germany",48,958,496,138,1,1
domnikl,Dominik Liebler,Germany,20,930,132,18,1,0
jdhao,jdhao,"Berlin, Germany",43,922,4432,628,1,1
zaraco,Zahra Teymouri,"Berlin, Germany",30,906,228,3,0,0
manyinsects,liv,"Düsseldorf, Germany",30,889,14,3,0,3
harismuneer,Haris Muneer ⚡️,"Berlin, Germany",41,886,5329,2124,0,0
b4mboo,Dominik Bamberger,"Bamberg, Germany",35,869,77,31,0,1
d4rken-org,darken development,Germany,20,867,11958,2077,1,9
elifgazioglu,Elif Gazioğlu,"Berlin, Germany",23,863,699,222,0,0
Novusvetus,Novusvetus / Marcel Rudolf,"Bückeburg, Germany",12,859,60,1,1,1
Linamohamed89,Lina Aloqayli,Germany,42,858,121,3,0,18
areyou1or0,Busra Kugler,"Berlin, Germany",7,847,941,278,1,0
panique,Chris,Berlin (Germany),27,845,6192,2302,0,0
mlent,Monica Lent,"Berlin, Germany",42,842,316,71,1,1
IzzySoft,Izzy,"Munich, Germany",48,830,461,81,1,0
j4hangir,jㄐ,Germany,31,826,494,1,1,2
Hani-Shaif,Hani Shaif,Germany,20,819,15,1,0,7
harshildarji,Harshil,"Berlin, Germany",48,817,99,51,1,9
danielfilho,Daniel,Germany,6,816,13,1,1,0
zotroneneis,zotroneneis,"Bonn, Germany",12,815,5374,944,1,1
leo-lem,Leopold Lemmermann,"Hamburg, Germany",12,808,65,4,1,5
salomonelli,Sara Steiert,"Stuttgart, Germany",11,802,16678,2334,0,5
FilenCloudDienste,Filen Cloud Dienste,Germany,26,801,1499,134,1,5
ProjectPhysX,Dr. Moritz Lehmann,Germany,6,794,6182,567,0,0
omerbsezer,Ömer Berat Sezer,Germany,32,791,8295,2462,1,0
hetznercloud,Hetzner Cloud,Germany,33,791,6736,739,1,1
bastianallgeier,Bastian Allgeier,"Neckargemünd, Germany",35,787,1293,215,1,0
ZitaoTech,Zitao,Sachsen-Germany,30,785,4410,558,0,0
strengejacke,Daniel,"Hamburg, Germany",27,782,1821,223,1,10
rastapasta,Michael Straßburger,Germany,48,774,10544,567,0,1
MarwanAlsoltany,Marwan Al-Soltany,Germany,21,774,221,5,1,7
maateen,Maksudur Rahman Maateen,"Berlin, Germany",24,767,553,133,1,12
kjam,Katharine,"Berlin, Germany",50,763,1320,816,1,0
MarieUS5FT,MarieUS5ft,Germany,10,763,26,4,1,0
GylanSalih,Gylan Salih,Germany,22,762,134,15,0,3
UweTrottmann,Uwe,Germany,38,760,2526,567,1,1
aregtech,Aregtech,"Munich, Germany",15,753,444,141,1,1
hdodenhof,Henning Dodenhof,"Hamburg, Germany",43,750,14592,3124,1,0
amaembo,Tagir Valeev,"Munich, Germany",36,743,2718,339,1,1
tutao,Tutao GmbH,Germany,23,736,7678,646,1,1
khalilhasan23,Khalil Hasan,Germany,19,721,26,0,0,8
DanWin,Daniel Winzen,"Aachen, Germany",30,709,930,306,1,0
chrieke,Christoph Rieke,"Berlin, Germany",42,701,8185,1389,1,2
onemarcfifty,oneMarcFifty,Germany,49,698,1372,437,1,1
gnomezgrave,Praneeth Peiris,Düsseldorf - Germany,34,697,94,23,1,0
miquelbeltran,Miguel Beltran,Germany,19,692,301,48,1,0
mishushakov,Mish Ushakov,"Berlin, Germany",39,687,7833,718,1,8
mploed,Michael Plöd,"Nürnberg, Germany",25,677,1582,508,1,0
gusgad,Gus Gadirov,"Berlin, Germany",32,677,346,93,1,1
arm-on,Arman Malekzadeh,Germany,19,674,162,10,0,1
dome272,Dominic Rampas,Germany,26,670,4442,609,1,0
Ableton,Ableton,Germany,29,669,4318,726,1,3
simondankelmann,Simon Dankelmann,Düsseldorf / Germany,12,667,5242,438,0,2
hamvocke,Ham Vocke,Germany,22,665,2388,661,1,2
ueberdosis,Tiptap,"Berlin, Germany",40,664,41656,3704,1,0
stealth,Sebastian,Germany,42,663,3435,440,1,1
pyg-team,PyG,Germany,5,656,24797,4132,1,1
MurhafSousli,Murhaf Sousli,"Mainz, Germany",37,656,3879,672,1,11
AkhrorSoliev,Akhror,Germany,19,645,161,98,1,1
kraih,Sebastian Riedel,Germany,33,643,216,41,1,0
herrbischoff,Marcel Bischoff,"Hamburg, Germany, Earth (Sol)",38,643,36612,2056,1,1
jplatte,Jonas Platte,Germany,33,641,1257,60,1,1
jsinger67,Jörg Singer,"Chemnitz, Germany",41,623,292,32,1,1
tobspr,Tobias,Germany,14,614,1559,240,1,1
zerodytrash,David,Germany,18,601,5592,858,1,2
photoprism,PhotoPrism,"Berlin, Germany",23,601,39876,2429,1,3
Elchi3,Florian Scholz,"Bremen, Germany",14,594,17,13,1,5
niklashenning,Niklas Henning,Germany,18,594,374,72,0,0
mhagger,Michael Haggerty,"Berlin, Germany",18,593,3538,221,1,0
ebrugulec,Ebru Gulec,"Berlin, Germany",32,590,88,4,0,3
fritzing,Fritzing,"Berlin, Germany",17,589,5565,1456,1,5
davidsbatista,David S. Batista,"Berlin, Germany",42,584,2098,520,1,1
andreaskoepf,Andreas Köpf,"Muenster, Germany, Europe",29,581,170,74,1,0
ivov,Iván Ovejero,"Berlin, Germany",43,580,1513,126,1,2
domschiener,Dominik Schiener,"Berlin, Germany",35,574,428,222,1,1
foxBMS,The foxBMS Team,Erlangen (Germany),29,567,676,348,1,1
deta,Deta,Germany,34,566,4484,440,1,1
thjanssen,Thorben Janssen,"Paderborn, Germany",45,566,282,219,1,0
thomaspatzke,Thomas Patzke,Germany,44,562,879,286,1,1
BeepIsla,Isla,Germany,23,555,1045,251,0,3
AmrDeveloper,Amr Hesham,"Munich, Germany",46,550,5841,356,1,7
mwittrien,Mirco Wittrien,Germany,8,545,2342,3714,0,2
MarcToussaint,Marc Toussaint,Germany,28,544,661,189,1,5
prefix-dev,prefix.dev,Germany,40,543,8968,867,1,8
nordtheme,Nord,Germany,37,537,17889,1556,1,0
lukas-blecher,Lukas Blecher,Germany,9,536,16642,1337,0,1
manjaro,Manjaro Linux,Germany,31,529,815,207,1,1
BMW-InnovationLab,BMW TechOffice MUNICH,"Munich, Germany",21,525,2636,468,0,0
jayanam,Jayanam,Germany,13,518,2038,316,1,0
kizitonwose,Kizito Nwose,"Munich, Germany",45,516,8113,900,1,0
McNopper,Norbert Nopper,Germany,14,509,2643,716,1,0
ikrum,Ikrum Hossain,"Berlin, Germany",31,508,327,88,1,1
telekom-security,Deutsche Telekom Security GmbH,"Bonn, Germany",25,500,9945,1558,1,2
debski-patrick,Debski Patrick,"Lower Saxony, Germany",28,499,39,2,1,1
yjs,Yjs,"Germany, Berlin",32,496,26719,1968,1,1
mailcow,mailcow,Germany,12,496,13141,2069,1,3
taraio,Tara,"Munich, Germany",12,493,27,2,0,0
zbari023,Ziad Bari,"Germany, Bonn",40,486,97,5,1,12
meren,A. Murat Eren (Meren),"Oldenburg, Germany",31,482,38,8,1,2
airtower-luna,Airtower,Germany,45,475,192,59,1,0
tum-vision,TUM Computer Vision Group,"Munich, Germany",43,473,7985,3061,1,1
M-Nafi,Nafi Müftüoglu,Germany - Bremen,29,471,10,1,0,0
objectbox,ObjectBox,"Berlin, Germany",42,470,8859,794,1,0
HiWebDev0026,HiWebDev,Germany,27,468,87,8,0,0
marcel-licence,Marcel,Germany,36,468,1368,207,1,0
thegenemyers,Eugene W Myers Jr,"Dresden, Germany",19,468,778,197,1,0
cugu,Jonas Plum,"Munich, Germany",8,468,5469,785,0,2
daniel-koehn,Daniel Köhn,Kiel (Germany),17,464,575,254,1,0
ikarus23,Gerhard Klostermeier,Germany,23,464,6207,1016,1,0
xKiian,Kian,Germany,24,463,1910,244,0,0
yamalight,Tim Ermilov,Germany,33,458,810,53,1,4
drwetter,Dirk Wetter,"Hamburg, Germany",43,458,89,30,1,1
GEIGEIGEIST,GEIST,Germany,17,455,3643,2388,1,0
goloroden,Golo Roden,"Freiburg im Breisgau, Germany",7,451,12,1,1,0
jens-maus,Jens Maus,"Dresden, Germany",49,451,843,236,1,1
Dobiasd,Tobias Hermann,Germany,24,449,6383,588,1,1
gitbutlerapp,GitButler,Germany,34,446,20991,990,1,2
langerhans,Max K.,Germany,21,445,762,324,0,7
RedTeamPentesting,RedTeam Pentesting GmbH,Germany,15,444,3092,283,1,0
Bootstrap-Academy,Bootstrap Academy,Germany,13,437,371,55,1,0
sarahboyce,Sarah Boyce,"Cologne, Germany",27,436,19,1,0,0
ffAudio,Daniel Walz,"Esslingen, Germany",31,435,1648,234,1,9
jankae,Jan Käberich,"Braunschweig, Germany",23,435,2185,463,0,0
Kaupenjoe,Nico Kaupenjoe,Germany,20,434,329,123,1,0
laf0rge,Harald Welte,"Berlin, Germany",39,433,157,38,1,0
d-kleine,Daniel Kleine,"Berlin, Germany",25,433,78,9,0,1
lucasmichot,Lucas Michot,"Berlin, Germany",10,432,8,3,0,1
FunkyM,Martin Szulecki,Germany,16,432,35,6,1,0
mavam,Matthias Vallentin,"Hamburg, Germany",35,430,3183,558,1,5
danomatika,Dan Wilcox,"Karlsruhe, Germany",38,430,1285,246,1,0
amirbahador-hub,amirbahador,Germany,24,429,147,45,1,0
whoenig,Wolfgang Hönig,"Berlin, Germany",42,429,1584,639,1,2
shilch,Simon,Germany,15,425,335,46,0,0
ShirinG,Shirin Elsinghorst,Germany,29,420,114,108,1,1
w0rm,Andrey Kuzmin,"Berlin, Germany",50,419,1776,190,1,11
mohamedameen-io,Mohamed Ameen,Germany,21,419,828,332,1,8
timpritlove,Tim Pritlove,"Berlin, Germany",30,415,89,20,1,0
danascript,Daniela,"Berlin, Germany",44,411,182,183,1,8
grahampugh,Graham Pugh,Germany,50,410,1852,298,1,1
Vanilagy,David P.,Germany,22,410,7126,347,0,2
odinthenerd,Odin Holmes,"Bochum, Germany",27,409,174,17,0,0
dularion,Antonia Engfors,Germany,23,404,8,4,1,1
sandrogauci,Sandro Gauci,"Bavaria, Germany",19,402,17,0,1,0
Deena-Gergis,Deena Gergis,Germany,5,401,182,72,1,0
anselmh,Anselm Hannemann,"Iffeldorf, Germany",29,400,1185,161,1,12
tejado,tjado mäcke,germany,37,400,4580,824,0,0
getkirby,Kirby,Germany,30,399,2845,673,1,0
simonwep,Simon Reinisch,"Mannheim, Germany",38,398,9698,630,1,9
gumb0,Andrei Maiboroda,"Berlin, Germany",50,396,56,21,0,1
zalandoresearch,Zalando Research,"Berlin, Germany",26,395,15681,3608,1,4
SvenTiigi,Sven Tiigi,"Muenster, Germany",14,394,8731,521,0,9
aaroniker,Aaron Iker,Germany,21,394,303,84,1,0
plu,Johannes Plunien,Germany,45,394,1104,133,1,1
openmediavault,openmediavault,Germany,7,393,6968,696,1,1
sirthias,Mathias,"Freiburg, Germany",48,393,4539,666,0,5
aksakalli,Can Güney Aksakalli,"Berlin, Germany",49,393,10419,668,1,6
davemlz,David Montero Loaiza,"Leipzig, Germany",28,392,564,97,0,1
BeRo1985,Benjamin Rosseaux,Germany,49,391,1463,364,1,0
carhartl,Klaus Hartl,Germany,50,390,8605,3975,0,0
matkoch,Matthias Koch,"Leipzig, Germany",32,389,478,84,0,1
thassiadevilart,Thassia Devilart,"Munich, Germany",5,387,4,6,0,1
anna-geller,Anna Geller,"Berlin, Germany",50,386,615,191,1,0
lisacharlotterost,Lisa Charlotte Muth,"Berlin, Germany",11,386,186,19,1,1
ravanscafi,Ravan Scafi,"Berlin, Germany",15,385,105,19,1,1
mechelon,Di,"Bavaria, Germany",32,383,5,2,1,0
RomelTorres,Romel Torres,"Berlin, Germany",29,383,4999,850,1,0
jmattheis,Jannis Mattheis,"Berlin, Germany",22,383,1019,76,1,1
Gummibeer,Tom Herrmann,"Hamburg, Germany",50,383,41,11,1,7
pxlrbt,Dennis Koch,"Freiburg, Germany",51,382,2860,406,1,0
Far0n,Mathias,Germany,9,381,988,278,1,1
ngoduykhanh,Khanh Ngo,"Berlin, Germany",35,380,5304,750,1,0
jjohannes,Jendrik Johannes,"Hamburg, Germany",30,380,1284,110,1,4
hewad-mubariz,Hewad,"Mainz, Germany",13,379,1333,260,1,0
temelt,Taner TEMEL,"Hamburg, Germany",42,379,95,42,1,2
mbechler,Moritz Bechler,Germany,5,378,4033,722,1,1
LoqmanSamani,Loghman Samani,"Stuttgart, Germany",28,378,120,12,1,4
theScrabi,Christian Schabesberger,Germany,17,378,85,11,0,1
muellan,André Müller,"Wiesbaden, Germany",24,378,1502,186,1,1
Qinisfighting,Qin,"Kiel, Germany",39,377,32,1,0,0
Vinzent03,Vinzent,"Aachen, Germany",31,377,13134,657,0,1
flschweiger,Frederik Schweiger,"Düsseldorf, Germany",14,377,2501,352,1,1
schmelto,Tom Schmelzer,Germany,5,374,43,24,0,1
teamhanko,Hanko,Germany,33,372,9239,1094,1,1
vchoutas,Vassilis Choutas,"Tübingen, Germany",11,372,5784,968,1,0
JohannesGaessler,Johannes Gäßler,"Karlsruhe, Germany",15,372,76,2,0,1
kr-stn,Kersten,"Munich, Germany",22,372,927,204,1,1
ZAK91,Zakria,Germany,10,371,17,0,0,2
igl42,Klaus Iglberger,"Erlangen, Germany",13,370,529,182,0,0
svenpeter42,Sven Peter,Germany,32,370,50,17,1,0
mikf,Mike Fährmann,Germany,11,370,18330,1431,0,1
jsphuebner,Johannes Huebner,Germany,38,369,623,359,1,0
Dani3lSun,Daniel Hochleitner,Germany,35,366,879,298,1,1
awsfundamentals-hq,AWS Fundamentals,Germany,21,366,191,23,1,0
InteractiveComputerGraphics,Interactive Computer Graphics ,Germany,27,365,6167,1067,1,9
A9T9,Ui.Vision,Germany,24,364,3144,831,1,0
Macro-Deck-App,Macro Deck,Germany,11,363,1491,170,1,0
SAP-docs,SAP Documentation,"Walldorf, Germany",40,361,517,801,1,2
DerAndereAndi,Andreas Linde,Germany,14,360,38,10,1,0
markessien,Mark Essien,Nigeria and Germany,28,360,113,82,1,0
syllog1sm,Matthew Honnibal,"Berlin, Germany",19,360,496,59,1,1
PreMiD,PreMiD,Germany,12,359,2573,2006,1,1
gorgos,Markus Waas,"Berlin, Germany / Auckland, New Zealand",43,359,69,30,1,0
xoxor4d,#xoxor4d,Germany,38,358,1568,107,1,1
jbehley,Jens Behley,"Bonn, Germany",21,357,1966,450,1,2
SamirJouni,Samir Jouni,"Paderborn, Germany",44,357,20,14,0,22
helje5,Helge Heß,"Magdeburg, Germany",46,356,923,177,1,4
payam-zahedi,Payam Zahedi,Germany,41,356,1062,126,0,3
RamyHakam,Ramy Hakam,Germany,38,356,284,122,1,3
rivo,rivo,"Berlin, Germany",13,353,15185,799,1,0
FabianLars,Fabian-Lars,Germany,25,353,370,54,0,1
chkr1011,Christian,Germany,27,351,888,251,0,2
sejalv,SV,"Berlin, Germany",19,349,37,15,0,2
kayhayen,Kay Hayen,"Karlsruhe, Germany",5,349,1,2,1,0
bitscrunch-protocol,bitsCrunch,Germany,8,348,5,1,1,0
flazer,Chris Figge,Germany,16,347,163,15,1,0
aheinze,Artur,"Hamburg, Germany",34,344,217,49,1,1
andydandy74,Andreas Dieckmann,"Berlin, Germany",6,339,388,132,0,0
sunilpaulmathew,sp,"Berlin, Germany",25,338,1359,140,1,3
SimonSchubert,Simon Schubert,"Germany, Berlin",39,338,2915,278,1,6
danielpalme,Daniel Palme,Germany,27,336,4470,672,1,4
tboerger,Thomas Boerger,"Nuremberg, Germany",21,334,44,3,0,0
suemeyyecevik,Sümeyye Çevik,Germany,41,334,2,1,0,1
blechschmidt,Birk Blechschmidt,"Ulm, Germany",28,332,4136,571,1,1
hneemann,Helmut Neemann,Germany,26,331,5857,629,0,1
konstantinruge,Konstantin Ruge,"Hamburg, Germany",35,330,3812,639,1,2
damonkohler,Damon Kohler,"Munich, Germany",21,329,2504,801,1,0
hextreeio,hextree.io,Germany,10,329,204,42,1,0
deanm,Dean McNamee,"Berlin, Germany",44,328,1993,248,1,8
athre0z,Joel Höner,Germany,23,327,1033,99,0,0
steinbergmedia,Steinberg Media Technologies GmbH,"Hamburg, Germany",24,327,4434,686,1,4
ernst-bablick,Ernst Bablick,Germany,5,325,10,0,1,0
timoschick,Timo Schick,"Munich, Germany",10,325,2189,378,1,0
lonvia,Sarah Hoffmann,Germany,48,325,14,9,0,2
celonis,Celonis,"Munich, Germany",6,325,81,23,1,0
rsoesemann,Robert Sösemann,"Tübingen, Germany",39,324,866,312,0,2
haltakov,Vladimir Haltakov,"Munich, Germany",36,324,2515,280,1,0
d0k,Benjamin Kramer,"Munich, Germany",10,322,42,17,0,0
studio42gmbh,Studio 42,"Munich, Germany",10,320,41,1,1,6
andremichelle,André Michelle,"Cologne, Germany",47,320,1890,164,1,24
git-moss,Jürgen Moßgraber,Germany,23,320,1488,238,1,0
felipecruz,Felipe Cruz,"Berlin, Germany",35,320,328,106,0,0
andre-marcos-perez,André Perez,Germany,45,319,59,26,1,1
m-niemeyer,Michael Niemeyer,Germany,25,317,113,58,1,6
mv-lab,Marcos V. Conde,Germany - Japan,20,316,2231,228,1,3
Merovius,Axel Wagner,"Heidelberg, Germany",48,316,572,58,1,1
PleasePrompto,Please Prompto!,Germany,7,315,9770,1195,1,0
danieldietrich,Daniel Dietrich,"Kiel, Germany",48,315,99,18,0,8
tealeg,Geoffrey J. Teale,"Hanover, Germany",40,315,6253,906,1,1
JonasGeiping,Jonas Geiping ,"Tübingen AI Center, Germany",23,315,2447,315,1,1
philipphennig,Philipp Hennig,"Tübingen, Germany",9,315,524,104,1,0
bcakmakoglu,Braks,"Hamburg, Germany",28,314,6889,430,1,0
kchromik,Kevin Chromik,Germany,31,314,67,18,1,1
angular-architects,Angular Architects,"DACH Region (Germany, Austria, Switzerlands)",18,312,1785,452,1,2
metadings,Hans Riehm,Germany,11,312,53,26,0,0
h3xduck,Marcos Bajo,"Dortmund, Germany",25,310,2196,302,1,0
chanshiyucx,Shiyu,"Munich, Germany",12,309,678,131,1,2
jmoenig,Jens Mönig,"Gäufelden, Germany",8,309,1868,890,1,2
Johannes-Schiel,Johannes Schiel,Germany,12,309,140,58,1,1
codeofsumit,Sumit Kumar,"Hamburg, Germany",9,309,6,1,1,0
lorey,Karl Lorey,"Berlin, Germany",37,309,2432,236,1,3
fleurdelune7,Mehmet Arda Anket,"Mönchengladbach, Germany",12,308,16,0,0,0
fholger,Holger Frydrych,"Munich, Germany",27,308,4259,193,1,6
wuestkamp,Kim Wuestkamp,Oberhausen - Germany,42,307,264,174,1,0
niklasravnsborg,Niklas Ravnsborg,Germany,38,307,769,226,1,0
fhueske,Fabian Hueske,"Berlin, Germany",23,306,205,90,1,1
vrld,Matthias Richter,Germany,35,305,3310,375,1,3
d3vilbug,bugzy,"Berlin, Germany",5,304,1718,291,1,1
chrxh,Christian Heinemann,"Berlin, Germany",7,304,5432,185,1,0
srwi,Stephan Rumswinkel,"Karlsruhe, Germany",31,303,14537,594,0,2
martymcmodding,Pascal Gilcher,Germany,9,302,1115,285,1,0
septag,Sepehr Taghdisian,Berlin / Germany,45,302,3430,257,0,0
Isaquehg,Isaque Hollanda Gonçalves,Germany,36,301,20,1,0,0
SirPepe,Peter Kröner,"Kiel, Germany",12,301,97,2,1,1
yishn,Yichuan Shen,"Heidelberg, Germany",46,300,2525,189,1,6
sabine,sabine,"Saarbruecken, Germany",50,300,190,8,0,1
kshitij10496,Kshitij Saraogi,"Berlin, Germany",35,300,151,64,1,2
Dream-Master,Martin Robertz,"Wuppertal, Germany",5,300,36,22,1,0
theOehrly,Philipp Schaefer,Germany,19,300,5097,468,0,3
fboldewin,Frank Boldewin,Germany,15,299,786,187,1,0
LibreSolar,Libre Solar Project,"Hamburg, Germany",44,299,1553,600,1,12
codebude,Raffael Herrmann,"Meerbusch, NRW, Germany",38,299,104,45,1,0
fichtner,Franco Fichtner,"Lützen, Germany",25,298,93,45,1,0
vitling,David Whiting,"Berlin, Germany",23,298,1691,104,1,2
larsgeorge,Lars George,Germany,30,298,1082,622,1,0
niujinshuchong,Zehao Yu,"Tübingen, Germany ",16,297,18,4,1,1
rytilahti,Teemu R.,Germany,44,297,4625,714,0,0
alextselegidis,Alex Tselegidis,"Offenbach, Germany",33,297,4879,1655,1,1
Zettlr,Zettlr,Germany,7,297,13292,1028,1,0
chrdiller,Christian Diller,"Munich, Germany",19,296,1251,229,1,0
brunjlar,Lars Brünjes,Regensburg (Germany),44,295,206,31,0,0
pixeldesu,Andreas Nedbal,"Rosenheim, Germany",23,295,294,64,1,0
j4nf4b3l,Jan Fabel,"Hamburg, Germany",8,294,676,265,1,0
dpreussler,Danny Preussler,"Berlin, Germany",41,294,637,97,1,2
pemistahl,Peter M. Stahl,"Solingen, Germany",15,293,13355,474,1,1
LukeFZ,Luke,Germany,44,292,1085,173,0,0
msiemens,Markus Siemens,"Gießen, Germany",24,292,8430,737,1,0
hanzla-sib,Hanzla Sibghat,Germany,41,291,40,1,1,3
OpenScan-org,OpenScan,Germany,11,291,929,145,1,2
timmolter,Tim Molter,Germany,33,291,47,30,1,0
maxritter,Max Ritter,"Munich, Germany",47,290,3086,393,1,0
okieselbach,Oliver Kieselbach,Germany,17,289,988,253,1,1
cschroeter,Christian Busch,"Landau, Germany",35,288,106,26,0,0
szerhusenBC,Stephan Zerhusen,"Bad Zwischenahn, Germany",21,287,3116,1321,1,0
fabsx00,Fabian Yamaguchi,"Berlin, Germany",21,287,149,90,1,0
aehlig,Klaus Aehlig,Germany,22,285,1,0,1,0
nomicode,nomi,"Berlin, Germany",46,284,5,1,0,0
JannickLeismann,Jacale,"Dortmund, Germany",35,283,332,361,0,0
arminbiere,Armin Biere,"Freiburg im Breisgau, Germany",37,283,1638,420,1,0
tsterbak,Tobias Sterbak,"Berlin, Germany",50,282,266,148,1,2
Baseult,Baseult - Discord Tools,Germany,19,282,605,141,1,0
